callId;operation;processId;responseTime;timeStamp;step
Long;String;String;Long;Long;Integer
15368;org.spotter.demo.app.DummyApp.testOLB();21476@kitt;100;39;2
15369;org.spotter.demo.app.DummyApp.testNoProblem();21476@kitt;0;328;2
15370;org.spotter.demo.app.DummyApp.testOLB();21476@kitt;100;467;2
15371;org.spotter.demo.app.DummyApp.testNoProblem();21476@kitt;0;762;2
15372;org.spotter.demo.app.DummyApp.testOLB();21476@kitt;101;940;2
15373;org.spotter.demo.app.DummyApp.testNoProblem();21476@kitt;0;1155;2
15374;org.spotter.demo.app.DummyApp.testOLB();21476@kitt;100;1318;2
15375;org.spotter.demo.app.DummyApp.testNoProblem();21476@kitt;0;1607;2
15376;org.spotter.demo.app.DummyApp.testOLB();21476@kitt;100;1718;2
15377;org.spotter.demo.app.DummyApp.testNoProblem();21476@kitt;0;1922;2
15378;org.spotter.demo.app.DummyApp.testOLB();21476@kitt;100;2061;2
15379;org.spotter.demo.app.DummyApp.testNoProblem();21476@kitt;0;2268;2
15380;org.spotter.demo.app.DummyApp.testOLB();21476@kitt;100;2463;2
15381;org.spotter.demo.app.DummyApp.testNoProblem();21476@kitt;0;2743;2
15382;org.spotter.demo.app.DummyApp.testOLB();21476@kitt;100;2943;2
15383;org.spotter.demo.app.DummyApp.testNoProblem();21476@kitt;0;3235;2
15384;org.spotter.demo.app.DummyApp.testOLB();21476@kitt;100;3380;2
15385;org.spotter.demo.app.DummyApp.testNoProblem();21476@kitt;0;3613;2
15386;org.spotter.demo.app.DummyApp.testOLB();21476@kitt;100;3810;2
15387;org.spotter.demo.app.DummyApp.testNoProblem();21476@kitt;0;4101;2
15388;org.spotter.demo.app.DummyApp.testOLB();21476@kitt;100;4278;2
15389;org.spotter.demo.app.DummyApp.testNoProblem();21476@kitt;0;4523;2
15390;org.spotter.demo.app.DummyApp.testOLB();21476@kitt;100;4709;2
15391;org.spotter.demo.app.DummyApp.testNoProblem();21476@kitt;0;4950;2
15392;org.spotter.demo.app.DummyApp.testOLB();21476@kitt;100;5135;2
15393;org.spotter.demo.app.DummyApp.testNoProblem();21476@kitt;0;5392;2
15394;org.spotter.demo.app.DummyApp.testOLB();21476@kitt;100;5557;2
15395;org.spotter.demo.app.DummyApp.testNoProblem();21476@kitt;0;5806;2
15396;org.spotter.demo.app.DummyApp.testOLB();21476@kitt;100;5922;2
15397;org.spotter.demo.app.DummyApp.testNoProblem();21476@kitt;0;6154;2
15398;org.spotter.demo.app.DummyApp.testOLB();21476@kitt;100;6307;2
15399;org.spotter.demo.app.DummyApp.testNoProblem();21476@kitt;0;6551;2
15400;org.spotter.demo.app.DummyApp.testOLB();21476@kitt;101;6667;2
15401;org.spotter.demo.app.DummyApp.testNoProblem();21476@kitt;0;6928;2
15402;org.spotter.demo.app.DummyApp.testOLB();21476@kitt;100;7039;2
15403;org.spotter.demo.app.DummyApp.testNoProblem();21476@kitt;0;7327;2
15404;org.spotter.demo.app.DummyApp.testOLB();21476@kitt;100;7525;2
15405;org.spotter.demo.app.DummyApp.testNoProblem();21476@kitt;0;7762;2
15406;org.spotter.demo.app.DummyApp.testOLB();21476@kitt;101;7960;2
15407;org.spotter.demo.app.DummyApp.testNoProblem();21476@kitt;0;8260;2
15408;org.spotter.demo.app.DummyApp.testOLB();21476@kitt;100;8442;2
15409;org.spotter.demo.app.DummyApp.testNoProblem();21476@kitt;0;8660;2
15410;org.spotter.demo.app.DummyApp.testOLB();21476@kitt;100;8828;2
15411;org.spotter.demo.app.DummyApp.testNoProblem();21476@kitt;0;9029;2
15412;org.spotter.demo.app.DummyApp.testOLB();21476@kitt;101;9213;2
15413;org.spotter.demo.app.DummyApp.testNoProblem();21476@kitt;0;9488;2
15414;org.spotter.demo.app.DummyApp.testOLB();21476@kitt;100;9602;2
15415;org.spotter.demo.app.DummyApp.testNoProblem();21476@kitt;0;9874;2
15416;org.spotter.demo.app.DummyApp.testOLB();21476@kitt;100;10057;2
15417;org.spotter.demo.app.DummyApp.testNoProblem();21476@kitt;0;10302;2
15418;org.spotter.demo.app.DummyApp.testOLB();21476@kitt;100;10497;2
15419;org.spotter.demo.app.DummyApp.testNoProblem();21476@kitt;0;10726;2
15420;org.spotter.demo.app.DummyApp.testOLB();21476@kitt;100;10891;2
15421;org.spotter.demo.app.DummyApp.testNoProblem();21476@kitt;0;11110;2
15422;org.spotter.demo.app.DummyApp.testOLB();21476@kitt;100;11226;2
15423;org.spotter.demo.app.DummyApp.testNoProblem();21476@kitt;0;11482;2
15424;org.spotter.demo.app.DummyApp.testOLB();21476@kitt;100;11657;2
15425;org.spotter.demo.app.DummyApp.testNoProblem();21476@kitt;0;11890;2
15426;org.spotter.demo.app.DummyApp.testOLB();21476@kitt;100;12024;2
15427;org.spotter.demo.app.DummyApp.testNoProblem();21476@kitt;0;12306;2
15428;org.spotter.demo.app.DummyApp.testOLB();21476@kitt;100;12486;2
15429;org.spotter.demo.app.DummyApp.testNoProblem();21476@kitt;0;12687;2
15430;org.spotter.demo.app.DummyApp.testOLB();21476@kitt;100;12833;2
15431;org.spotter.demo.app.DummyApp.testNoProblem();21476@kitt;0;13068;2
15432;org.spotter.demo.app.DummyApp.testOLB();21476@kitt;100;13252;2
15433;org.spotter.demo.app.DummyApp.testNoProblem();21476@kitt;0;13499;2
15434;org.spotter.demo.app.DummyApp.testOLB();21476@kitt;100;13687;2
15435;org.spotter.demo.app.DummyApp.testNoProblem();21476@kitt;0;13918;2
15436;org.spotter.demo.app.DummyApp.testOLB();21476@kitt;100;14094;2
15437;org.spotter.demo.app.DummyApp.testNoProblem();21476@kitt;0;14306;2
15438;org.spotter.demo.app.DummyApp.testOLB();21476@kitt;100;14458;2
15439;org.spotter.demo.app.DummyApp.testNoProblem();21476@kitt;0;14733;2
15440;org.spotter.demo.app.DummyApp.testOLB();21476@kitt;100;14842;2
15441;org.spotter.demo.app.DummyApp.testNoProblem();21476@kitt;0;15120;2
15442;org.spotter.demo.app.DummyApp.testOLB();21476@kitt;100;15289;2
15443;org.spotter.demo.app.DummyApp.testNoProblem();21476@kitt;0;15560;2
15444;org.spotter.demo.app.DummyApp.testOLB();21476@kitt;100;15739;2
15445;org.spotter.demo.app.DummyApp.testNoProblem();21476@kitt;0;15950;2
15446;org.spotter.demo.app.DummyApp.testOLB();21476@kitt;100;16084;2
15447;org.spotter.demo.app.DummyApp.testNoProblem();21476@kitt;0;16305;2
15448;org.spotter.demo.app.DummyApp.testOLB();21476@kitt;100;16406;2
15449;org.spotter.demo.app.DummyApp.testNoProblem();21476@kitt;0;16625;2
15450;org.spotter.demo.app.DummyApp.testOLB();21476@kitt;100;16817;2
15451;org.spotter.demo.app.DummyApp.testNoProblem();21476@kitt;0;17099;2
15452;org.spotter.demo.app.DummyApp.testOLB();21476@kitt;100;17260;2
15453;org.spotter.demo.app.DummyApp.testNoProblem();21476@kitt;0;17527;2
15454;org.spotter.demo.app.DummyApp.testOLB();21476@kitt;100;17680;2
15455;org.spotter.demo.app.DummyApp.testNoProblem();21476@kitt;0;17965;2
15456;org.spotter.demo.app.DummyApp.testOLB();21476@kitt;100;18101;2
15457;org.spotter.demo.app.DummyApp.testNoProblem();21476@kitt;0;18345;2
15458;org.spotter.demo.app.DummyApp.testOLB();21476@kitt;100;18494;2
15459;org.spotter.demo.app.DummyApp.testNoProblem();21476@kitt;0;18699;2
15460;org.spotter.demo.app.DummyApp.testOLB();21476@kitt;101;18813;2
15461;org.spotter.demo.app.DummyApp.testNoProblem();21476@kitt;0;19034;2
15462;org.spotter.demo.app.DummyApp.testOLB();21476@kitt;100;19165;2
15463;org.spotter.demo.app.DummyApp.testNoProblem();21476@kitt;0;19390;2
15464;org.spotter.demo.app.DummyApp.testOLB();21476@kitt;100;19528;2
15465;org.spotter.demo.app.DummyApp.testNoProblem();21476@kitt;0;19767;2
15466;org.spotter.demo.app.DummyApp.testOLB();21476@kitt;100;19900;2
15467;org.spotter.demo.app.DummyApp.testNoProblem();21476@kitt;0;20164;2
15468;org.spotter.demo.app.DummyApp.testOLB();21476@kitt;100;20324;2
15469;org.spotter.demo.app.DummyApp.testNoProblem();21476@kitt;0;20551;2
15470;org.spotter.demo.app.DummyApp.testOLB();21476@kitt;100;20713;2
15471;org.spotter.demo.app.DummyApp.testNoProblem();21476@kitt;0;20916;2
15472;org.spotter.demo.app.DummyApp.testOLB();21476@kitt;100;21068;2
15473;org.spotter.demo.app.DummyApp.testNoProblem();21476@kitt;0;21289;2
15474;org.spotter.demo.app.DummyApp.testOLB();21476@kitt;100;21446;2
15475;org.spotter.demo.app.DummyApp.testNoProblem();21476@kitt;0;21681;2
15476;org.spotter.demo.app.DummyApp.testOLB();21476@kitt;100;21787;2
15477;org.spotter.demo.app.DummyApp.testNoProblem();21476@kitt;0;22071;2
15478;org.spotter.demo.app.DummyApp.testOLB();21476@kitt;100;22183;2
15479;org.spotter.demo.app.DummyApp.testNoProblem();21476@kitt;0;22420;2
15480;org.spotter.demo.app.DummyApp.testOLB();21476@kitt;100;22548;2
15481;org.spotter.demo.app.DummyApp.testNoProblem();21476@kitt;0;22809;2
15482;org.spotter.demo.app.DummyApp.testOLB();21476@kitt;100;22979;2
15483;org.spotter.demo.app.DummyApp.testNoProblem();21476@kitt;0;23246;2
15484;org.spotter.demo.app.DummyApp.testOLB();21476@kitt;100;23415;2
15485;org.spotter.demo.app.DummyApp.testNoProblem();21476@kitt;0;23668;2
15486;org.spotter.demo.app.DummyApp.testOLB();21476@kitt;100;23866;2
15487;org.spotter.demo.app.DummyApp.testNoProblem();21476@kitt;0;24134;2
15488;org.spotter.demo.app.DummyApp.testOLB();21476@kitt;100;24260;2
15489;org.spotter.demo.app.DummyApp.testNoProblem();21476@kitt;0;24544;2
15490;org.spotter.demo.app.DummyApp.testOLB();21476@kitt;100;24715;2
15491;org.spotter.demo.app.DummyApp.testNoProblem();21476@kitt;0;24975;2
15492;org.spotter.demo.app.DummyApp.testOLB();21476@kitt;100;25163;2
15493;org.spotter.demo.app.DummyApp.testNoProblem();21476@kitt;0;25374;2
15494;org.spotter.demo.app.DummyApp.testOLB();21476@kitt;100;25493;2
15495;org.spotter.demo.app.DummyApp.testNoProblem();21476@kitt;0;25779;2
15496;org.spotter.demo.app.DummyApp.testOLB();21476@kitt;100;25924;2
15497;org.spotter.demo.app.DummyApp.testNoProblem();21476@kitt;0;26155;2
15498;org.spotter.demo.app.DummyApp.testOLB();21476@kitt;100;26343;2
15499;org.spotter.demo.app.DummyApp.testNoProblem();21476@kitt;0;26554;2
15500;org.spotter.demo.app.DummyApp.testOLB();21476@kitt;100;26673;2
15501;org.spotter.demo.app.DummyApp.testNoProblem();21476@kitt;0;26947;2
15502;org.spotter.demo.app.DummyApp.testOLB();21476@kitt;101;27083;2
15503;org.spotter.demo.app.DummyApp.testNoProblem();21476@kitt;0;27338;2
15504;org.spotter.demo.app.DummyApp.testOLB();21476@kitt;100;27471;2
15505;org.spotter.demo.app.DummyApp.testNoProblem();21476@kitt;0;27710;2
15506;org.spotter.demo.app.DummyApp.testOLB();21476@kitt;100;27832;2
15507;org.spotter.demo.app.DummyApp.testNoProblem();21476@kitt;0;28066;2
15508;org.spotter.demo.app.DummyApp.testOLB();21476@kitt;100;28224;2
15509;org.spotter.demo.app.DummyApp.testNoProblem();21476@kitt;0;28482;2
15510;org.spotter.demo.app.DummyApp.testOLB();21476@kitt;100;28590;2
15511;org.spotter.demo.app.DummyApp.testNoProblem();21476@kitt;0;28880;2
15512;org.spotter.demo.app.DummyApp.testOLB();21476@kitt;101;28987;2
15513;org.spotter.demo.app.DummyApp.testNoProblem();21476@kitt;0;29249;2
15514;org.spotter.demo.app.DummyApp.testOLB();21476@kitt;100;29442;2
15515;org.spotter.demo.app.DummyApp.testNoProblem();21476@kitt;0;29731;2
15516;org.spotter.demo.app.DummyApp.testOLB();21476@kitt;100;29834;2
15517;org.spotter.demo.app.DummyApp.testNoProblem();21476@kitt;0;30060;2
15518;org.spotter.demo.app.DummyApp.testOLB();21476@kitt;101;30176;2
15519;org.spotter.demo.app.DummyApp.testNoProblem();21476@kitt;0;30391;2
15520;org.spotter.demo.app.DummyApp.testOLB();21476@kitt;100;30568;2
15521;org.spotter.demo.app.DummyApp.testNoProblem();21476@kitt;0;30840;2
15522;org.spotter.demo.app.DummyApp.testOLB();21476@kitt;100;30944;2
15523;org.spotter.demo.app.DummyApp.testNoProblem();21476@kitt;0;31216;2
15524;org.spotter.demo.app.DummyApp.testOLB();21476@kitt;100;31416;2
15525;org.spotter.demo.app.DummyApp.testNoProblem();21476@kitt;0;31623;2
15526;org.spotter.demo.app.DummyApp.testOLB();21476@kitt;101;31798;2
15527;org.spotter.demo.app.DummyApp.testNoProblem();21476@kitt;0;32053;2
15528;org.spotter.demo.app.DummyApp.testOLB();21476@kitt;100;32160;2
15529;org.spotter.demo.app.DummyApp.testNoProblem();21476@kitt;0;32415;2
15530;org.spotter.demo.app.DummyApp.testOLB();21476@kitt;100;32586;2
15531;org.spotter.demo.app.DummyApp.testNoProblem();21476@kitt;0;32829;2
15532;org.spotter.demo.app.DummyApp.testOLB();21476@kitt;100;32941;2
15533;org.spotter.demo.app.DummyApp.testNoProblem();21476@kitt;0;33230;2
15534;org.spotter.demo.app.DummyApp.testOLB();21476@kitt;100;33376;2
15535;org.spotter.demo.app.DummyApp.testNoProblem();21476@kitt;0;33608;2
15536;org.spotter.demo.app.DummyApp.testOLB();21476@kitt;100;33749;2
15537;org.spotter.demo.app.DummyApp.testNoProblem();21476@kitt;0;33960;2
15538;org.spotter.demo.app.DummyApp.testOLB();21476@kitt;100;34079;2
15539;org.spotter.demo.app.DummyApp.testNoProblem();21476@kitt;0;34336;2
15540;org.spotter.demo.app.DummyApp.testOLB();21476@kitt;100;34508;2
15541;org.spotter.demo.app.DummyApp.testNoProblem();21476@kitt;0;34753;2
15542;org.spotter.demo.app.DummyApp.testOLB();21476@kitt;100;34883;2
15543;org.spotter.demo.app.DummyApp.testNoProblem();21476@kitt;0;35178;2
15544;org.spotter.demo.app.DummyApp.testOLB();21476@kitt;100;35304;2
15545;org.spotter.demo.app.DummyApp.testNoProblem();21476@kitt;0;35515;2
15546;org.spotter.demo.app.DummyApp.testOLB();21476@kitt;100;35617;2
15547;org.spotter.demo.app.DummyApp.testNoProblem();21476@kitt;0;35827;2
15548;org.spotter.demo.app.DummyApp.testOLB();21476@kitt;101;35940;2
15549;org.spotter.demo.app.DummyApp.testNoProblem();21476@kitt;0;36161;2
15550;org.spotter.demo.app.DummyApp.testOLB();21476@kitt;100;36308;2
15551;org.spotter.demo.app.DummyApp.testNoProblem();21476@kitt;0;36531;2
15552;org.spotter.demo.app.DummyApp.testOLB();21476@kitt;100;36731;2
15553;org.spotter.demo.app.DummyApp.testNoProblem();21476@kitt;0;37029;2
15554;org.spotter.demo.app.DummyApp.testOLB();21476@kitt;100;37194;2
15555;org.spotter.demo.app.DummyApp.testNoProblem();21476@kitt;0;37432;2
15556;org.spotter.demo.app.DummyApp.testOLB();21476@kitt;101;37541;2
15557;org.spotter.demo.app.DummyApp.testNoProblem();21476@kitt;0;37805;2
15558;org.spotter.demo.app.DummyApp.testOLB();21476@kitt;100;37921;2
15559;org.spotter.demo.app.DummyApp.testNoProblem();21476@kitt;0;38164;2
15560;org.spotter.demo.app.DummyApp.testOLB();21476@kitt;100;38325;2
15561;org.spotter.demo.app.DummyApp.testNoProblem();21476@kitt;0;38560;2
15562;org.spotter.demo.app.DummyApp.testOLB();21476@kitt;101;38705;2
15563;org.spotter.demo.app.DummyApp.testNoProblem();21476@kitt;0;38955;2
15564;org.spotter.demo.app.DummyApp.testOLB();21476@kitt;100;39110;2
15565;org.spotter.demo.app.DummyApp.testNoProblem();21476@kitt;0;39350;2
15566;org.spotter.demo.app.DummyApp.testOLB();21476@kitt;100;39497;2
15567;org.spotter.demo.app.DummyApp.testNoProblem();21476@kitt;0;39701;2
15568;org.spotter.demo.app.DummyApp.testOLB();21476@kitt;100;39830;2
15569;org.spotter.demo.app.DummyApp.testNoProblem();21476@kitt;0;40120;2
15570;org.spotter.demo.app.DummyApp.testOLB();21476@kitt;100;40284;2
15571;org.spotter.demo.app.DummyApp.testNoProblem();21476@kitt;0;40546;2
15572;org.spotter.demo.app.DummyApp.testOLB();21476@kitt;100;40651;2
15573;org.spotter.demo.app.DummyApp.testNoProblem();21476@kitt;0;40917;2
15574;org.spotter.demo.app.DummyApp.testOLB();21476@kitt;101;41082;2
15575;org.spotter.demo.app.DummyApp.testNoProblem();21476@kitt;0;41289;2
15576;org.spotter.demo.app.DummyApp.testOLB();21476@kitt;100;41450;2
15577;org.spotter.demo.app.DummyApp.testNoProblem();21476@kitt;0;41718;2
15578;org.spotter.demo.app.DummyApp.testOLB();21476@kitt;100;41882;2
15579;org.spotter.demo.app.DummyApp.testNoProblem();21476@kitt;0;42125;2
15580;org.spotter.demo.app.DummyApp.testOLB();21476@kitt;101;42296;2
15581;org.spotter.demo.app.DummyApp.testNoProblem();21476@kitt;0;42566;2
15582;org.spotter.demo.app.DummyApp.testOLB();21476@kitt;100;42719;2
15583;org.spotter.demo.app.DummyApp.testNoProblem();21476@kitt;0;42969;2
15584;org.spotter.demo.app.DummyApp.testOLB();21476@kitt;100;43139;2
15585;org.spotter.demo.app.DummyApp.testNoProblem();21476@kitt;0;43342;2
15586;org.spotter.demo.app.DummyApp.testOLB();21476@kitt;100;43459;2
15587;org.spotter.demo.app.DummyApp.testNoProblem();21476@kitt;0;43691;2
15588;org.spotter.demo.app.DummyApp.testOLB();21476@kitt;100;43842;2
15589;org.spotter.demo.app.DummyApp.testNoProblem();21476@kitt;0;44103;2
15590;org.spotter.demo.app.DummyApp.testOLB();21476@kitt;100;44288;2
15591;org.spotter.demo.app.DummyApp.testNoProblem();21476@kitt;0;44498;2
15592;org.spotter.demo.app.DummyApp.testOLB();21476@kitt;101;44636;2
15593;org.spotter.demo.app.DummyApp.testNoProblem();21476@kitt;0;44901;2
15594;org.spotter.demo.app.DummyApp.testOLB();21476@kitt;100;45095;2
15595;org.spotter.demo.app.DummyApp.testNoProblem();21476@kitt;0;45353;2
15596;org.spotter.demo.app.DummyApp.testOLB();21476@kitt;100;45498;2
15597;org.spotter.demo.app.DummyApp.testNoProblem();21476@kitt;0;45786;2
15598;org.spotter.demo.app.DummyApp.testOLB();21476@kitt;101;45978;2
15599;org.spotter.demo.app.DummyApp.testNoProblem();21476@kitt;0;46237;2
15600;org.spotter.demo.app.DummyApp.testOLB();21476@kitt;100;46431;2
15601;org.spotter.demo.app.DummyApp.testNoProblem();21476@kitt;0;46655;2
15602;org.spotter.demo.app.DummyApp.testOLB();21476@kitt;100;46789;2
15603;org.spotter.demo.app.DummyApp.testNoProblem();21476@kitt;0;47067;2
15604;org.spotter.demo.app.DummyApp.testOLB();21476@kitt;100;47214;2
15605;org.spotter.demo.app.DummyApp.testNoProblem();21476@kitt;0;47421;2
15606;org.spotter.demo.app.DummyApp.testOLB();21476@kitt;100;47566;2
15607;org.spotter.demo.app.DummyApp.testNoProblem();21476@kitt;0;47814;2
15608;org.spotter.demo.app.DummyApp.testOLB();21476@kitt;100;47920;2
15609;org.spotter.demo.app.DummyApp.testNoProblem();21476@kitt;0;48201;2
15610;org.spotter.demo.app.DummyApp.testOLB();21476@kitt;100;48359;2
15611;org.spotter.demo.app.DummyApp.testNoProblem();21476@kitt;0;48658;2
15612;org.spotter.demo.app.DummyApp.testOLB();21476@kitt;101;48852;2
15613;org.spotter.demo.app.DummyApp.testNoProblem();21476@kitt;0;49094;2
15614;org.spotter.demo.app.DummyApp.testOLB();21476@kitt;100;49226;2
15615;org.spotter.demo.app.DummyApp.testNoProblem();21476@kitt;0;49473;2
15616;org.spotter.demo.app.DummyApp.testOLB();21476@kitt;100;49652;2
15617;org.spotter.demo.app.DummyApp.testNoProblem();21476@kitt;0;49898;2
15618;org.spotter.demo.app.DummyApp.testOLB();21476@kitt;100;50097;2
15619;org.spotter.demo.app.DummyApp.testNoProblem();21476@kitt;0;50352;2
15620;org.spotter.demo.app.DummyApp.testOLB();21476@kitt;100;50480;2
15621;org.spotter.demo.app.DummyApp.testNoProblem();21476@kitt;0;50772;2
15622;org.spotter.demo.app.DummyApp.testOLB();21476@kitt;100;50926;2
15623;org.spotter.demo.app.DummyApp.testNoProblem();21476@kitt;0;51195;2
15624;org.spotter.demo.app.DummyApp.testOLB();21476@kitt;100;51329;2
15625;org.spotter.demo.app.DummyApp.testNoProblem();21476@kitt;0;51538;2
15626;org.spotter.demo.app.DummyApp.testOLB();21476@kitt;100;51660;2
15627;org.spotter.demo.app.DummyApp.testNoProblem();21476@kitt;0;51881;2
15628;org.spotter.demo.app.DummyApp.testOLB();21476@kitt;101;52055;2
15629;org.spotter.demo.app.DummyApp.testNoProblem();21476@kitt;0;52342;2
15630;org.spotter.demo.app.DummyApp.testOLB();21476@kitt;100;52526;2
15631;org.spotter.demo.app.DummyApp.testNoProblem();21476@kitt;0;52807;2
15632;org.spotter.demo.app.DummyApp.testOLB();21476@kitt;100;52953;2
15633;org.spotter.demo.app.DummyApp.testNoProblem();21476@kitt;0;53181;2
15634;org.spotter.demo.app.DummyApp.testOLB();21476@kitt;100;53377;2
15635;org.spotter.demo.app.DummyApp.testNoProblem();21476@kitt;0;53626;2
15636;org.spotter.demo.app.DummyApp.testOLB();21476@kitt;100;53777;2
15637;org.spotter.demo.app.DummyApp.testNoProblem();21476@kitt;0;53979;2
15638;org.spotter.demo.app.DummyApp.testOLB();21476@kitt;100;54123;2
15639;org.spotter.demo.app.DummyApp.testNoProblem();21476@kitt;0;54325;2
15640;org.spotter.demo.app.DummyApp.testOLB();21476@kitt;100;54524;2
15641;org.spotter.demo.app.DummyApp.testNoProblem();21476@kitt;0;54745;2
15642;org.spotter.demo.app.DummyApp.testOLB();21476@kitt;100;54891;2
15643;org.spotter.demo.app.DummyApp.testNoProblem();21476@kitt;0;55114;2
15644;org.spotter.demo.app.DummyApp.testOLB();21476@kitt;100;55290;2
15645;org.spotter.demo.app.DummyApp.testNoProblem();21476@kitt;0;55532;2
15646;org.spotter.demo.app.DummyApp.testOLB();21476@kitt;100;55696;2
15647;org.spotter.demo.app.DummyApp.testNoProblem();21476@kitt;0;55931;2
15648;org.spotter.demo.app.DummyApp.testOLB();21476@kitt;100;56099;2
15649;org.spotter.demo.app.DummyApp.testNoProblem();21476@kitt;0;56356;2
15650;org.spotter.demo.app.DummyApp.testOLB();21476@kitt;100;56552;2
15651;org.spotter.demo.app.DummyApp.testNoProblem();21476@kitt;0;56802;2
15652;org.spotter.demo.app.DummyApp.testOLB();21476@kitt;101;56928;2
15653;org.spotter.demo.app.DummyApp.testNoProblem();21476@kitt;0;57203;2
15654;org.spotter.demo.app.DummyApp.testOLB();21476@kitt;100;57305;2
15655;org.spotter.demo.app.DummyApp.testNoProblem();21476@kitt;0;57537;2
15656;org.spotter.demo.app.DummyApp.testOLB();21476@kitt;100;57684;2
15657;org.spotter.demo.app.DummyApp.testNoProblem();21476@kitt;1;57973;2
15658;org.spotter.demo.app.DummyApp.testOLB();21476@kitt;100;58172;2
15659;org.spotter.demo.app.DummyApp.testNoProblem();21476@kitt;0;58373;2
15660;org.spotter.demo.app.DummyApp.testOLB();21476@kitt;100;58545;2
15661;org.spotter.demo.app.DummyApp.testNoProblem();21476@kitt;0;58768;2
15662;org.spotter.demo.app.DummyApp.testOLB();21476@kitt;101;58888;2
15663;org.spotter.demo.app.DummyApp.testNoProblem();21476@kitt;0;59135;2
15664;org.spotter.demo.app.DummyApp.testOLB();21476@kitt;100;59275;2
15665;org.spotter.demo.app.DummyApp.testNoProblem();21476@kitt;0;59546;2
15666;org.spotter.demo.app.DummyApp.testOLB();21476@kitt;100;59719;2
15667;org.spotter.demo.app.DummyApp.testNoProblem();21476@kitt;0;59993;2
15668;org.spotter.demo.app.DummyApp.testOLB();21476@kitt;100;60155;2
15669;org.spotter.demo.app.DummyApp.testNoProblem();21476@kitt;0;60437;2
15670;org.spotter.demo.app.DummyApp.testOLB();21476@kitt;100;60584;2
15671;org.spotter.demo.app.DummyApp.testNoProblem();21476@kitt;0;60801;2
15672;org.spotter.demo.app.DummyApp.testOLB();21476@kitt;101;60998;2
15673;org.spotter.demo.app.DummyApp.testNoProblem();21476@kitt;0;61266;2
15674;org.spotter.demo.app.DummyApp.testOLB();21476@kitt;100;61462;2
15675;org.spotter.demo.app.DummyApp.testNoProblem();21476@kitt;0;61699;2
15676;org.spotter.demo.app.DummyApp.testOLB();21476@kitt;100;61822;2
15677;org.spotter.demo.app.DummyApp.testNoProblem();21476@kitt;0;62023;2
15678;org.spotter.demo.app.DummyApp.testOLB();21476@kitt;100;62221;2
15679;org.spotter.demo.app.DummyApp.testNoProblem();21476@kitt;0;62446;2
15680;org.spotter.demo.app.DummyApp.testOLB();21476@kitt;100;62596;2
15681;org.spotter.demo.app.DummyApp.testNoProblem();21476@kitt;0;62825;2
15682;org.spotter.demo.app.DummyApp.testOLB();21476@kitt;100;62943;2
15683;org.spotter.demo.app.DummyApp.testNoProblem();21476@kitt;0;63185;2
15684;org.spotter.demo.app.DummyApp.testOLB();21476@kitt;100;63378;2
15685;org.spotter.demo.app.DummyApp.testNoProblem();21476@kitt;0;63587;2
15686;org.spotter.demo.app.DummyApp.testOLB();21476@kitt;100;63770;2
15687;org.spotter.demo.app.DummyApp.testNoProblem();21476@kitt;0;64012;2
15688;org.spotter.demo.app.DummyApp.testOLB();21476@kitt;100;64165;2
15689;org.spotter.demo.app.DummyApp.testNoProblem();21476@kitt;0;64366;2
15690;org.spotter.demo.app.DummyApp.testOLB();21476@kitt;100;64571;2
15691;org.spotter.demo.app.DummyApp.testNoProblem();21476@kitt;0;64794;2
15692;org.spotter.demo.app.DummyApp.testOLB();21476@kitt;100;64979;2
15693;org.spotter.demo.app.DummyApp.testNoProblem();21476@kitt;0;65254;2
15694;org.spotter.demo.app.DummyApp.testOLB();21476@kitt;101;65387;2
15695;org.spotter.demo.app.DummyApp.testNoProblem();21476@kitt;0;65645;2
15696;org.spotter.demo.app.DummyApp.testOLB();21476@kitt;100;65754;2
15697;org.spotter.demo.app.DummyApp.testNoProblem();21476@kitt;0;65991;2
15698;org.spotter.demo.app.DummyApp.testOLB();21476@kitt;100;66134;2
15699;org.spotter.demo.app.DummyApp.testNoProblem();21476@kitt;0;66401;2
15700;org.spotter.demo.app.DummyApp.testOLB();21476@kitt;100;66548;2
15701;org.spotter.demo.app.DummyApp.testNoProblem();21476@kitt;0;66783;2
15702;org.spotter.demo.app.DummyApp.testOLB();21476@kitt;100;66942;2
15703;org.spotter.demo.app.DummyApp.testNoProblem();21476@kitt;0;67144;2
15704;org.spotter.demo.app.DummyApp.testOLB();21476@kitt;100;67310;2
15705;org.spotter.demo.app.DummyApp.testNoProblem();21476@kitt;0;67513;2
15706;org.spotter.demo.app.DummyApp.testOLB();21476@kitt;100;67711;2
15707;org.spotter.demo.app.DummyApp.testNoProblem();21476@kitt;0;68008;2
15708;org.spotter.demo.app.DummyApp.testOLB();21476@kitt;100;68140;2
15709;org.spotter.demo.app.DummyApp.testNoProblem();21476@kitt;0;68359;2
15710;org.spotter.demo.app.DummyApp.testOLB();21476@kitt;101;68466;2
15711;org.spotter.demo.app.DummyApp.testNoProblem();21476@kitt;0;68731;2
15712;org.spotter.demo.app.DummyApp.testOLB();21476@kitt;100;68872;2
15713;org.spotter.demo.app.DummyApp.testNoProblem();21476@kitt;0;69169;2
15714;org.spotter.demo.app.DummyApp.testOLB();21476@kitt;100;69294;2
15715;org.spotter.demo.app.DummyApp.testNoProblem();21476@kitt;0;69507;2
15716;org.spotter.demo.app.DummyApp.testOLB();21476@kitt;101;69612;2
15717;org.spotter.demo.app.DummyApp.testNoProblem();21476@kitt;0;69890;2
15718;org.spotter.demo.app.DummyApp.testOLB();21476@kitt;100;70078;2
15719;org.spotter.demo.app.DummyApp.testNoProblem();21476@kitt;0;70349;2
15720;org.spotter.demo.app.DummyApp.testOLB();21476@kitt;100;70477;2
15721;org.spotter.demo.app.DummyApp.testNoProblem();21476@kitt;0;70747;2
15722;org.spotter.demo.app.DummyApp.testOLB();21476@kitt;100;70872;2
15723;org.spotter.demo.app.DummyApp.testNoProblem();21476@kitt;0;71147;2
15724;org.spotter.demo.app.DummyApp.testOLB();21476@kitt;100;71261;2
15725;org.spotter.demo.app.DummyApp.testNoProblem();21476@kitt;0;71524;2
15726;org.spotter.demo.app.DummyApp.testOLB();21476@kitt;100;71681;2
15727;org.spotter.demo.app.DummyApp.testNoProblem();21476@kitt;0;71894;2
15728;org.spotter.demo.app.DummyApp.testOLB();21476@kitt;100;72076;2
15729;org.spotter.demo.app.DummyApp.testNoProblem();21476@kitt;0;72293;2
15730;org.spotter.demo.app.DummyApp.testOLB();21476@kitt;100;72432;2
15731;org.spotter.demo.app.DummyApp.testNoProblem();21476@kitt;0;72711;2
15732;org.spotter.demo.app.DummyApp.testOLB();21476@kitt;100;72872;2
15733;org.spotter.demo.app.DummyApp.testNoProblem();21476@kitt;0;73146;2
15734;org.spotter.demo.app.DummyApp.testOLB();21476@kitt;100;73344;2
15735;org.spotter.demo.app.DummyApp.testNoProblem();21476@kitt;0;73572;2
15736;org.spotter.demo.app.DummyApp.testOLB();21476@kitt;100;73696;2
15737;org.spotter.demo.app.DummyApp.testNoProblem();21476@kitt;0;73899;2
15738;org.spotter.demo.app.DummyApp.testOLB();21476@kitt;100;74012;2
15739;org.spotter.demo.app.DummyApp.testNoProblem();21476@kitt;0;74254;2
15740;org.spotter.demo.app.DummyApp.testOLB();21476@kitt;100;74423;2
15741;org.spotter.demo.app.DummyApp.testNoProblem();21476@kitt;0;74654;2
15742;org.spotter.demo.app.DummyApp.testOLB();21476@kitt;100;74758;2
15743;org.spotter.demo.app.DummyApp.testNoProblem();21476@kitt;0;75034;2
15744;org.spotter.demo.app.DummyApp.testOLB();21476@kitt;100;75173;2
15745;org.spotter.demo.app.DummyApp.testNoProblem();21476@kitt;0;75432;2
15746;org.spotter.demo.app.DummyApp.testOLB();21476@kitt;101;75626;2
15747;org.spotter.demo.app.DummyApp.testNoProblem();21476@kitt;0;75909;2
15748;org.spotter.demo.app.DummyApp.testOLB();21476@kitt;100;76054;2
15749;org.spotter.demo.app.DummyApp.testNoProblem();21476@kitt;0;76273;2
15750;org.spotter.demo.app.DummyApp.testOLB();21476@kitt;100;76402;2
15751;org.spotter.demo.app.DummyApp.testNoProblem();21476@kitt;0;76676;2
15752;org.spotter.demo.app.DummyApp.testOLB();21476@kitt;100;76814;2
15753;org.spotter.demo.app.DummyApp.testNoProblem();21476@kitt;0;77023;2
15754;org.spotter.demo.app.DummyApp.testOLB();21476@kitt;100;77147;2
15755;org.spotter.demo.app.DummyApp.testNoProblem();21476@kitt;0;77363;2
15756;org.spotter.demo.app.DummyApp.testOLB();21476@kitt;100;77514;2
15757;org.spotter.demo.app.DummyApp.testNoProblem();21476@kitt;0;77762;2
15758;org.spotter.demo.app.DummyApp.testOLB();21476@kitt;100;77874;2
15759;org.spotter.demo.app.DummyApp.testNoProblem();21476@kitt;0;78083;2
15760;org.spotter.demo.app.DummyApp.testOLB();21476@kitt;100;78243;2
15761;org.spotter.demo.app.DummyApp.testNoProblem();21476@kitt;0;78511;2
15762;org.spotter.demo.app.DummyApp.testOLB();21476@kitt;100;78615;2
15763;org.spotter.demo.app.DummyApp.testNoProblem();21476@kitt;0;78896;2
15764;org.spotter.demo.app.DummyApp.testOLB();21476@kitt;100;79007;2
15765;org.spotter.demo.app.DummyApp.testNoProblem();21476@kitt;0;79244;2
15766;org.spotter.demo.app.DummyApp.testOLB();21476@kitt;100;79393;2
15767;org.spotter.demo.app.DummyApp.testNoProblem();21476@kitt;0;79686;2
15768;org.spotter.demo.app.DummyApp.testOLB();21476@kitt;100;79868;2
15769;org.spotter.demo.app.DummyApp.testNoProblem();21476@kitt;0;80162;2
15770;org.spotter.demo.app.DummyApp.testOLB();21476@kitt;100;80285;2
15771;org.spotter.demo.app.DummyApp.testNoProblem();21476@kitt;0;80579;2
15772;org.spotter.demo.app.DummyApp.testOLB();21476@kitt;100;80736;2
15773;org.spotter.demo.app.DummyApp.testNoProblem();21476@kitt;0;80989;2
15774;org.spotter.demo.app.DummyApp.testOLB();21476@kitt;100;81177;2
15775;org.spotter.demo.app.DummyApp.testNoProblem();21476@kitt;0;81442;2
15776;org.spotter.demo.app.DummyApp.testOLB();21476@kitt;100;81560;2
15777;org.spotter.demo.app.DummyApp.testNoProblem();21476@kitt;0;81772;2
15778;org.spotter.demo.app.DummyApp.testOLB();21476@kitt;100;81967;2
15779;org.spotter.demo.app.DummyApp.testNoProblem();21476@kitt;0;82266;2
15780;org.spotter.demo.app.DummyApp.testOLB();21476@kitt;100;82374;2
15781;org.spotter.demo.app.DummyApp.testNoProblem();21476@kitt;0;82600;2
15782;org.spotter.demo.app.DummyApp.testOLB();21476@kitt;100;82754;2
15783;org.spotter.demo.app.DummyApp.testNoProblem();21476@kitt;0;83021;2
15784;org.spotter.demo.app.DummyApp.testOLB();21476@kitt;100;83134;2
15785;org.spotter.demo.app.DummyApp.testNoProblem();21476@kitt;0;83395;2
15786;org.spotter.demo.app.DummyApp.testOLB();21476@kitt;100;83554;2
15787;org.spotter.demo.app.DummyApp.testNoProblem();21476@kitt;0;83811;2
15788;org.spotter.demo.app.DummyApp.testOLB();21476@kitt;101;84006;2
15789;org.spotter.demo.app.DummyApp.testNoProblem();21476@kitt;0;84282;2
15790;org.spotter.demo.app.DummyApp.testOLB();21476@kitt;100;84447;2
15791;org.spotter.demo.app.DummyApp.testNoProblem();21476@kitt;0;84692;2
15792;org.spotter.demo.app.DummyApp.testOLB();21476@kitt;100;84891;2
15793;org.spotter.demo.app.DummyApp.testNoProblem();21476@kitt;0;85185;2
15794;org.spotter.demo.app.DummyApp.testOLB();21476@kitt;100;85311;2
15795;org.spotter.demo.app.DummyApp.testNoProblem();21476@kitt;0;85530;2
15796;org.spotter.demo.app.DummyApp.testOLB();21476@kitt;100;85697;2
15797;org.spotter.demo.app.DummyApp.testNoProblem();21476@kitt;0;85991;2
15798;org.spotter.demo.app.DummyApp.testOLB();21476@kitt;100;86166;2
15799;org.spotter.demo.app.DummyApp.testNoProblem();21476@kitt;0;86396;2
15800;org.spotter.demo.app.DummyApp.testOLB();21476@kitt;100;86538;2
15801;org.spotter.demo.app.DummyApp.testNoProblem();21476@kitt;0;86798;2
15802;org.spotter.demo.app.DummyApp.testOLB();21476@kitt;100;86970;2
15803;org.spotter.demo.app.DummyApp.testNoProblem();21476@kitt;0;87253;2
15804;org.spotter.demo.app.DummyApp.testOLB();21476@kitt;101;87404;2
15805;org.spotter.demo.app.DummyApp.testNoProblem();21476@kitt;0;87609;2
15806;org.spotter.demo.app.DummyApp.testOLB();21476@kitt;100;87723;2
15807;org.spotter.demo.app.DummyApp.testNoProblem();21476@kitt;0;88012;2
15808;org.spotter.demo.app.DummyApp.testOLB();21476@kitt;100;88124;2
15809;org.spotter.demo.app.DummyApp.testNoProblem();21476@kitt;0;88331;2
15810;org.spotter.demo.app.DummyApp.testOLB();21476@kitt;100;88495;2
15811;org.spotter.demo.app.DummyApp.testNoProblem();21476@kitt;0;88710;2
15812;org.spotter.demo.app.DummyApp.testOLB();21476@kitt;100;88831;2
15813;org.spotter.demo.app.DummyApp.testNoProblem();21476@kitt;0;89116;2
15814;org.spotter.demo.app.DummyApp.testOLB();21476@kitt;100;89286;2
15815;org.spotter.demo.app.DummyApp.testNoProblem();21476@kitt;0;89508;2
15816;org.spotter.demo.app.DummyApp.testOLB();21476@kitt;100;89699;2
15817;org.spotter.demo.app.DummyApp.testNoProblem();21476@kitt;0;89989;2
15818;org.spotter.demo.app.DummyApp.testOLB();21476@kitt;100;90159;2
15819;org.spotter.demo.app.DummyApp.testNoProblem();21476@kitt;0;90425;2
15820;org.spotter.demo.app.DummyApp.testOLB();21476@kitt;101;90604;2
15821;org.spotter.demo.app.DummyApp.testNoProblem();21476@kitt;0;90861;2
15822;org.spotter.demo.app.DummyApp.testOLB();21476@kitt;100;91015;2
15823;org.spotter.demo.app.DummyApp.testNoProblem();21476@kitt;0;91236;2
15824;org.spotter.demo.app.DummyApp.testOLB();21476@kitt;100;91410;2
15825;org.spotter.demo.app.DummyApp.testNoProblem();21476@kitt;0;91628;2
15826;org.spotter.demo.app.DummyApp.testOLB();21476@kitt;100;91790;2
15827;org.spotter.demo.app.DummyApp.testNoProblem();21476@kitt;0;92065;2
15828;org.spotter.demo.app.DummyApp.testOLB();21476@kitt;100;92224;2
15829;org.spotter.demo.app.DummyApp.testNoProblem();21476@kitt;0;92427;2
15830;org.spotter.demo.app.DummyApp.testOLB();21476@kitt;100;92532;2
15831;org.spotter.demo.app.DummyApp.testNoProblem();21476@kitt;0;92808;2
15832;org.spotter.demo.app.DummyApp.testOLB();21476@kitt;100;92983;2
15833;org.spotter.demo.app.DummyApp.testNoProblem();21476@kitt;0;93197;2
15834;org.spotter.demo.app.DummyApp.testOLB();21476@kitt;100;93336;2
15835;org.spotter.demo.app.DummyApp.testNoProblem();21476@kitt;0;93579;2
15836;org.spotter.demo.app.DummyApp.testOLB();21476@kitt;100;93703;2
15837;org.spotter.demo.app.DummyApp.testNoProblem();21476@kitt;0;93982;2
15838;org.spotter.demo.app.DummyApp.testOLB();21476@kitt;100;94093;2
15839;org.spotter.demo.app.DummyApp.testNoProblem();21476@kitt;0;94384;2
15840;org.spotter.demo.app.DummyApp.testOLB();21476@kitt;100;94492;2
15841;org.spotter.demo.app.DummyApp.testNoProblem();21476@kitt;0;94710;2
15842;org.spotter.demo.app.DummyApp.testOLB();21476@kitt;100;94819;2
15843;org.spotter.demo.app.DummyApp.testNoProblem();21476@kitt;0;95096;2
15844;org.spotter.demo.app.DummyApp.testOLB();21476@kitt;101;95268;2
15845;org.spotter.demo.app.DummyApp.testNoProblem();21476@kitt;0;95483;2
15846;org.spotter.demo.app.DummyApp.testOLB();21476@kitt;100;95674;2
15847;org.spotter.demo.app.DummyApp.testNoProblem();21476@kitt;0;95944;2
15848;org.spotter.demo.app.DummyApp.testOLB();21476@kitt;100;96070;2
15849;org.spotter.demo.app.DummyApp.testNoProblem();21476@kitt;0;96288;2
15850;org.spotter.demo.app.DummyApp.testOLB();21476@kitt;100;96461;2
15851;org.spotter.demo.app.DummyApp.testNoProblem();21476@kitt;0;96687;2
15852;org.spotter.demo.app.DummyApp.testOLB();21476@kitt;100;96831;2
15853;org.spotter.demo.app.DummyApp.testNoProblem();21476@kitt;0;97108;2
15854;org.spotter.demo.app.DummyApp.testOLB();21476@kitt;100;97236;2
15855;org.spotter.demo.app.DummyApp.testNoProblem();21476@kitt;0;97530;2
15856;org.spotter.demo.app.DummyApp.testOLB();21476@kitt;100;97675;2
15857;org.spotter.demo.app.DummyApp.testNoProblem();21476@kitt;0;97932;2
15858;org.spotter.demo.app.DummyApp.testOLB();21476@kitt;100;98125;2
15859;org.spotter.demo.app.DummyApp.testNoProblem();21476@kitt;0;98363;2
15860;org.spotter.demo.app.DummyApp.testOLB();21476@kitt;100;98537;2
15861;org.spotter.demo.app.DummyApp.testNoProblem();21476@kitt;0;98803;2
15862;org.spotter.demo.app.DummyApp.testOLB();21476@kitt;100;98958;2
15863;org.spotter.demo.app.DummyApp.testNoProblem();21476@kitt;0;99202;2
15864;org.spotter.demo.app.DummyApp.testOLB();21476@kitt;100;99364;2
15865;org.spotter.demo.app.DummyApp.testNoProblem();21476@kitt;0;99569;2
15866;org.spotter.demo.app.DummyApp.testOLB();21476@kitt;100;99697;2
15867;org.spotter.demo.app.DummyApp.testNoProblem();21476@kitt;0;99920;2
15868;org.spotter.demo.app.DummyApp.testOLB();21476@kitt;100;100065;2
15869;org.spotter.demo.app.DummyApp.testNoProblem();21476@kitt;0;100324;2
15870;org.spotter.demo.app.DummyApp.testOLB();21476@kitt;100;100436;2
15871;org.spotter.demo.app.DummyApp.testNoProblem();21476@kitt;0;100715;2
15872;org.spotter.demo.app.DummyApp.testOLB();21476@kitt;100;100910;2
15873;org.spotter.demo.app.DummyApp.testNoProblem();21476@kitt;0;101116;2
15874;org.spotter.demo.app.DummyApp.testOLB();21476@kitt;100;101253;2
15875;org.spotter.demo.app.DummyApp.testNoProblem();21476@kitt;0;101512;2
15876;org.spotter.demo.app.DummyApp.testOLB();21476@kitt;100;101655;2
15877;org.spotter.demo.app.DummyApp.testNoProblem();21476@kitt;0;101923;2
15878;org.spotter.demo.app.DummyApp.testOLB();21476@kitt;100;102062;2
15879;org.spotter.demo.app.DummyApp.testNoProblem();21476@kitt;0;102350;2
15880;org.spotter.demo.app.DummyApp.testOLB();21476@kitt;100;102467;2
15881;org.spotter.demo.app.DummyApp.testNoProblem();21476@kitt;0;102710;2
15882;org.spotter.demo.app.DummyApp.testOLB();21476@kitt;100;102885;2
15883;org.spotter.demo.app.DummyApp.testNoProblem();21476@kitt;0;103185;2
15884;org.spotter.demo.app.DummyApp.testOLB();21476@kitt;101;103328;2
15885;org.spotter.demo.app.DummyApp.testNoProblem();21476@kitt;0;103614;2
15886;org.spotter.demo.app.DummyApp.testOLB();21476@kitt;100;103758;2
15887;org.spotter.demo.app.DummyApp.testNoProblem();21476@kitt;0;103969;2
15888;org.spotter.demo.app.DummyApp.testOLB();21476@kitt;100;104077;2
15889;org.spotter.demo.app.DummyApp.testNoProblem();21476@kitt;0;104359;2
15890;org.spotter.demo.app.DummyApp.testOLB();21476@kitt;101;104474;2
15891;org.spotter.demo.app.DummyApp.testNoProblem();21476@kitt;0;104675;2
15892;org.spotter.demo.app.DummyApp.testOLB();21476@kitt;100;104820;2
15893;org.spotter.demo.app.DummyApp.testNoProblem();21476@kitt;0;105086;2
15894;org.spotter.demo.app.DummyApp.testOLB();21476@kitt;100;105262;2
15895;org.spotter.demo.app.DummyApp.testNoProblem();21476@kitt;0;105556;2
15896;org.spotter.demo.app.DummyApp.testOLB();21476@kitt;100;105673;2
15897;org.spotter.demo.app.DummyApp.testNoProblem();21476@kitt;0;105874;2
15898;org.spotter.demo.app.DummyApp.testOLB();21476@kitt;100;106043;2
15899;org.spotter.demo.app.DummyApp.testNoProblem();21476@kitt;0;106274;2
15900;org.spotter.demo.app.DummyApp.testOLB();21476@kitt;100;106390;2
15901;org.spotter.demo.app.DummyApp.testNoProblem();21476@kitt;0;106627;2
15902;org.spotter.demo.app.DummyApp.testOLB();21476@kitt;100;106827;2
15903;org.spotter.demo.app.DummyApp.testNoProblem();21476@kitt;0;107058;2
15904;org.spotter.demo.app.DummyApp.testOLB();21476@kitt;100;107166;2
15905;org.spotter.demo.app.DummyApp.testNoProblem();21476@kitt;0;107432;2
15906;org.spotter.demo.app.DummyApp.testOLB();21476@kitt;100;107596;2
15907;org.spotter.demo.app.DummyApp.testNoProblem();21476@kitt;0;107802;2
15908;org.spotter.demo.app.DummyApp.testOLB();21476@kitt;100;107998;2
15909;org.spotter.demo.app.DummyApp.testNoProblem();21476@kitt;0;108282;2
15910;org.spotter.demo.app.DummyApp.testOLB();21476@kitt;100;108431;2
15911;org.spotter.demo.app.DummyApp.testNoProblem();21476@kitt;0;108712;2
15912;org.spotter.demo.app.DummyApp.testOLB();21476@kitt;101;108858;2
15913;org.spotter.demo.app.DummyApp.testNoProblem();21476@kitt;0;109073;2
15914;org.spotter.demo.app.DummyApp.testOLB();21476@kitt;100;109244;2
15915;org.spotter.demo.app.DummyApp.testNoProblem();21476@kitt;0;109495;2
15916;org.spotter.demo.app.DummyApp.testOLB();21476@kitt;100;109603;2
15917;org.spotter.demo.app.DummyApp.testNoProblem();21476@kitt;0;109894;2
15918;org.spotter.demo.app.DummyApp.testOLB();21476@kitt;100;110043;2
15919;org.spotter.demo.app.DummyApp.testNoProblem();21476@kitt;0;110263;2
15920;org.spotter.demo.app.DummyApp.testOLB();21476@kitt;100;110398;2
15921;org.spotter.demo.app.DummyApp.testNoProblem();21476@kitt;0;110610;2
15922;org.spotter.demo.app.DummyApp.testOLB();21476@kitt;100;110790;2
15923;org.spotter.demo.app.DummyApp.testNoProblem();21476@kitt;0;111044;2
15924;org.spotter.demo.app.DummyApp.testOLB();21476@kitt;100;111227;2
15925;org.spotter.demo.app.DummyApp.testNoProblem();21476@kitt;0;111463;2
15926;org.spotter.demo.app.DummyApp.testOLB();21476@kitt;100;111597;2
15927;org.spotter.demo.app.DummyApp.testNoProblem();21476@kitt;0;111866;2
15928;org.spotter.demo.app.DummyApp.testOLB();21476@kitt;100;111988;2
15929;org.spotter.demo.app.DummyApp.testNoProblem();21476@kitt;0;112214;2
15930;org.spotter.demo.app.DummyApp.testOLB();21476@kitt;100;112402;2
15931;org.spotter.demo.app.DummyApp.testNoProblem();21476@kitt;0;112625;2
15932;org.spotter.demo.app.DummyApp.testOLB();21476@kitt;101;112726;2
15933;org.spotter.demo.app.DummyApp.testNoProblem();21476@kitt;0;113000;2
15934;org.spotter.demo.app.DummyApp.testOLB();21476@kitt;100;113179;2
15935;org.spotter.demo.app.DummyApp.testNoProblem();21476@kitt;0;113475;2
15936;org.spotter.demo.app.DummyApp.testOLB();21476@kitt;100;113666;2
15937;org.spotter.demo.app.DummyApp.testNoProblem();21476@kitt;0;113884;2
15938;org.spotter.demo.app.DummyApp.testOLB();21476@kitt;100;114020;2
15939;org.spotter.demo.app.DummyApp.testNoProblem();21476@kitt;0;114282;2
15940;org.spotter.demo.app.DummyApp.testOLB();21476@kitt;100;114407;2
15941;org.spotter.demo.app.DummyApp.testNoProblem();21476@kitt;0;114682;2
15942;org.spotter.demo.app.DummyApp.testOLB();21476@kitt;100;114812;2
15943;org.spotter.demo.app.DummyApp.testNoProblem();21476@kitt;0;115110;2
15944;org.spotter.demo.app.DummyApp.testOLB();21476@kitt;100;115213;2
15945;org.spotter.demo.app.DummyApp.testNoProblem();21476@kitt;0;115503;2
15946;org.spotter.demo.app.DummyApp.testOLB();21476@kitt;100;115688;2
15947;org.spotter.demo.app.DummyApp.testNoProblem();21476@kitt;0;115916;2
15948;org.spotter.demo.app.DummyApp.testOLB();21476@kitt;100;116019;2
15949;org.spotter.demo.app.DummyApp.testNoProblem();21476@kitt;0;116268;2
15950;org.spotter.demo.app.DummyApp.testOLB();21476@kitt;100;116381;2
15951;org.spotter.demo.app.DummyApp.testNoProblem();21476@kitt;0;116632;2
15952;org.spotter.demo.app.DummyApp.testOLB();21476@kitt;100;116735;2
15953;org.spotter.demo.app.DummyApp.testNoProblem();21476@kitt;0;116993;2
15954;org.spotter.demo.app.DummyApp.testOLB();21476@kitt;100;117152;2
15955;org.spotter.demo.app.DummyApp.testNoProblem();21476@kitt;0;117369;2
15956;org.spotter.demo.app.DummyApp.testOLB();21476@kitt;100;117475;2
15957;org.spotter.demo.app.DummyApp.testNoProblem();21476@kitt;0;117717;2
15958;org.spotter.demo.app.DummyApp.testOLB();21476@kitt;100;117848;2
15959;org.spotter.demo.app.DummyApp.testNoProblem();21476@kitt;0;118121;2
15960;org.spotter.demo.app.DummyApp.testOLB();21476@kitt;101;118270;2
15961;org.spotter.demo.app.DummyApp.testNoProblem();21476@kitt;0;118557;2
15962;org.spotter.demo.app.DummyApp.testOLB();21476@kitt;100;118754;2
15963;org.spotter.demo.app.DummyApp.testNoProblem();21476@kitt;0;118997;2
15964;org.spotter.demo.app.DummyApp.testOLB();21476@kitt;100;119109;2
15965;org.spotter.demo.app.DummyApp.testNoProblem();21476@kitt;0;119365;2
15966;org.spotter.demo.app.DummyApp.testOLB();21476@kitt;100;119481;2
15967;org.spotter.demo.app.DummyApp.testNoProblem();21476@kitt;0;119713;2
15968;org.spotter.demo.app.DummyApp.testOLB();21476@kitt;100;119905;2
15969;org.spotter.demo.app.DummyApp.testNoProblem();21476@kitt;0;120178;2
15970;org.spotter.demo.app.DummyApp.testOLB();21476@kitt;100;120360;2
15971;org.spotter.demo.app.DummyApp.testNoProblem();21476@kitt;0;120623;2
15972;org.spotter.demo.app.DummyApp.testOLB();21476@kitt;100;120766;2
15973;org.spotter.demo.app.DummyApp.testNoProblem();21476@kitt;0;121019;2
15974;org.spotter.demo.app.DummyApp.testOLB();21476@kitt;100;121194;2
15975;org.spotter.demo.app.DummyApp.testNoProblem();21476@kitt;0;121401;2
15976;org.spotter.demo.app.DummyApp.testOLB();21476@kitt;100;121562;2
15977;org.spotter.demo.app.DummyApp.testNoProblem();21476@kitt;0;121862;2
15978;org.spotter.demo.app.DummyApp.testOLB();21476@kitt;100;122048;2
15979;org.spotter.demo.app.DummyApp.testNoProblem();21476@kitt;0;122292;2
15980;org.spotter.demo.app.DummyApp.testOLB();21476@kitt;100;122474;2
15981;org.spotter.demo.app.DummyApp.testNoProblem();21476@kitt;0;122704;2
15982;org.spotter.demo.app.DummyApp.testOLB();21476@kitt;100;122889;2
15983;org.spotter.demo.app.DummyApp.testNoProblem();21476@kitt;0;123149;2
15984;org.spotter.demo.app.DummyApp.testOLB();21476@kitt;100;123324;2
15985;org.spotter.demo.app.DummyApp.testNoProblem();21476@kitt;0;123539;2
15986;org.spotter.demo.app.DummyApp.testOLB();21476@kitt;100;123718;2
15987;org.spotter.demo.app.DummyApp.testNoProblem();21476@kitt;0;123970;2
15988;org.spotter.demo.app.DummyApp.testOLB();21476@kitt;100;124128;2
15989;org.spotter.demo.app.DummyApp.testNoProblem();21476@kitt;0;124357;2
15990;org.spotter.demo.app.DummyApp.testOLB();21476@kitt;100;124485;2
15991;org.spotter.demo.app.DummyApp.testNoProblem();21476@kitt;0;124692;2
15992;org.spotter.demo.app.DummyApp.testOLB();21476@kitt;100;124873;2
15993;org.spotter.demo.app.DummyApp.testNoProblem();21476@kitt;0;125140;2
15994;org.spotter.demo.app.DummyApp.testOLB();21476@kitt;100;125241;2
15995;org.spotter.demo.app.DummyApp.testNoProblem();21476@kitt;0;125447;2
15996;org.spotter.demo.app.DummyApp.testOLB();21476@kitt;100;125631;2
15997;org.spotter.demo.app.DummyApp.testNoProblem();21476@kitt;0;125929;2
15998;org.spotter.demo.app.DummyApp.testOLB();21476@kitt;100;126038;2
15999;org.spotter.demo.app.DummyApp.testNoProblem();21476@kitt;0;126300;2
16000;org.spotter.demo.app.DummyApp.testOLB();21476@kitt;100;126432;2
16001;org.spotter.demo.app.DummyApp.testNoProblem();21476@kitt;0;126690;2
16002;org.spotter.demo.app.DummyApp.testOLB();21476@kitt;100;126827;2
16003;org.spotter.demo.app.DummyApp.testNoProblem();21476@kitt;0;127060;2
16004;org.spotter.demo.app.DummyApp.testOLB();21476@kitt;100;127225;2
16005;org.spotter.demo.app.DummyApp.testNoProblem();21476@kitt;0;127488;2
16006;org.spotter.demo.app.DummyApp.testOLB();21476@kitt;101;127611;2
16007;org.spotter.demo.app.DummyApp.testNoProblem();21476@kitt;0;127898;2
16008;org.spotter.demo.app.DummyApp.testOLB();21476@kitt;100;128054;2
16009;org.spotter.demo.app.DummyApp.testNoProblem();21476@kitt;0;128286;2
16010;org.spotter.demo.app.DummyApp.testOLB();21476@kitt;100;128408;2
16011;org.spotter.demo.app.DummyApp.testNoProblem();21476@kitt;0;128637;2
16012;org.spotter.demo.app.DummyApp.testOLB();21476@kitt;101;128765;2
16013;org.spotter.demo.app.DummyApp.testNoProblem();21476@kitt;0;129049;2
16014;org.spotter.demo.app.DummyApp.testOLB();21476@kitt;100;129166;2
16015;org.spotter.demo.app.DummyApp.testNoProblem();21476@kitt;0;129434;2
16016;org.spotter.demo.app.DummyApp.testOLB();21476@kitt;100;129541;2
16017;org.spotter.demo.app.DummyApp.testNoProblem();21476@kitt;0;129808;2
16018;org.spotter.demo.app.DummyApp.testOLB();21476@kitt;100;129948;2
16019;org.spotter.demo.app.DummyApp.testNoProblem();21476@kitt;0;130218;2
16020;org.spotter.demo.app.DummyApp.testOLB();21476@kitt;100;130391;2
16021;org.spotter.demo.app.DummyApp.testNoProblem();21476@kitt;0;130669;2
16022;org.spotter.demo.app.DummyApp.testOLB();21476@kitt;100;130863;2
16023;org.spotter.demo.app.DummyApp.testNoProblem();21476@kitt;0;131129;2
16024;org.spotter.demo.app.DummyApp.testOLB();21476@kitt;100;131307;2
16025;org.spotter.demo.app.DummyApp.testNoProblem();21476@kitt;0;131590;2
16026;org.spotter.demo.app.DummyApp.testOLB();21476@kitt;100;131764;2
16027;org.spotter.demo.app.DummyApp.testNoProblem();21476@kitt;0;131978;2
16028;org.spotter.demo.app.DummyApp.testOLB();21476@kitt;100;132097;2
16029;org.spotter.demo.app.DummyApp.testNoProblem();21476@kitt;0;132342;2
16030;org.spotter.demo.app.DummyApp.testOLB();21476@kitt;100;132451;2
16031;org.spotter.demo.app.DummyApp.testNoProblem();21476@kitt;0;132733;2
16032;org.spotter.demo.app.DummyApp.testOLB();21476@kitt;100;132890;2
16033;org.spotter.demo.app.DummyApp.testNoProblem();21476@kitt;0;133092;2
16034;org.spotter.demo.app.DummyApp.testOLB();21476@kitt;100;133278;2
16035;org.spotter.demo.app.DummyApp.testNoProblem();21476@kitt;0;133493;2
16036;org.spotter.demo.app.DummyApp.testOLB();21476@kitt;100;133691;2
16037;org.spotter.demo.app.DummyApp.testNoProblem();21476@kitt;0;133955;2
16038;org.spotter.demo.app.DummyApp.testOLB();21476@kitt;100;134072;2
16039;org.spotter.demo.app.DummyApp.testNoProblem();21476@kitt;0;134302;2
16040;org.spotter.demo.app.DummyApp.testOLB();21476@kitt;100;134497;2
16041;org.spotter.demo.app.DummyApp.testNoProblem();21476@kitt;0;134738;2
16042;org.spotter.demo.app.DummyApp.testOLB();21476@kitt;100;134887;2
16043;org.spotter.demo.app.DummyApp.testNoProblem();21476@kitt;0;135107;2
16044;org.spotter.demo.app.DummyApp.testOLB();21476@kitt;100;135218;2
16045;org.spotter.demo.app.DummyApp.testNoProblem();21476@kitt;0;135487;2
16046;org.spotter.demo.app.DummyApp.testOLB();21476@kitt;100;135681;2
16047;org.spotter.demo.app.DummyApp.testNoProblem();21476@kitt;0;135976;2
16048;org.spotter.demo.app.DummyApp.testOLB();21476@kitt;100;136140;2
16049;org.spotter.demo.app.DummyApp.testNoProblem();21476@kitt;0;136354;2
16050;org.spotter.demo.app.DummyApp.testOLB();21476@kitt;100;136517;2
16051;org.spotter.demo.app.DummyApp.testNoProblem();21476@kitt;0;136796;2
16052;org.spotter.demo.app.DummyApp.testOLB();21476@kitt;100;136992;2
16053;org.spotter.demo.app.DummyApp.testNoProblem();21476@kitt;0;137232;2
16054;org.spotter.demo.app.DummyApp.testOLB();21476@kitt;100;137371;2
16055;org.spotter.demo.app.DummyApp.testNoProblem();21476@kitt;0;137605;2
16056;org.spotter.demo.app.DummyApp.testOLB();21476@kitt;100;137757;2
16057;org.spotter.demo.app.DummyApp.testNoProblem();21476@kitt;0;137988;2
16058;org.spotter.demo.app.DummyApp.testOLB();21476@kitt;100;138183;2
16059;org.spotter.demo.app.DummyApp.testNoProblem();21476@kitt;0;138473;2
16060;org.spotter.demo.app.DummyApp.testOLB();21476@kitt;100;138585;2
16061;org.spotter.demo.app.DummyApp.testNoProblem();21476@kitt;0;138803;2
16062;org.spotter.demo.app.DummyApp.testOLB();21476@kitt;100;138931;2
16063;org.spotter.demo.app.DummyApp.testNoProblem();21476@kitt;0;139132;2
16064;org.spotter.demo.app.DummyApp.testOLB();21476@kitt;101;139301;2
16065;org.spotter.demo.app.DummyApp.testNoProblem();21476@kitt;0;139515;2
16066;org.spotter.demo.app.DummyApp.testOLB();21476@kitt;100;139710;2
16067;org.spotter.demo.app.DummyApp.testNoProblem();21476@kitt;0;139933;2
16068;org.spotter.demo.app.DummyApp.testOLB();21476@kitt;100;140114;2
16069;org.spotter.demo.app.DummyApp.testNoProblem();21476@kitt;0;140382;2
16070;org.spotter.demo.app.DummyApp.testOLB();21476@kitt;100;140508;2
16071;org.spotter.demo.app.DummyApp.testNoProblem();21476@kitt;0;140745;2
16072;org.spotter.demo.app.DummyApp.testOLB();21476@kitt;100;140899;2
16073;org.spotter.demo.app.DummyApp.testNoProblem();21476@kitt;0;141111;2
16074;org.spotter.demo.app.DummyApp.testOLB();21476@kitt;100;141296;2
16075;org.spotter.demo.app.DummyApp.testNoProblem();21476@kitt;0;141581;2
16076;org.spotter.demo.app.DummyApp.testOLB();21476@kitt;100;141747;2
16077;org.spotter.demo.app.DummyApp.testNoProblem();21476@kitt;0;142030;2
16078;org.spotter.demo.app.DummyApp.testOLB();21476@kitt;100;142169;2
16079;org.spotter.demo.app.DummyApp.testNoProblem();21476@kitt;0;142460;2
16080;org.spotter.demo.app.DummyApp.testOLB();21476@kitt;101;142656;2
16081;org.spotter.demo.app.DummyApp.testNoProblem();21476@kitt;0;142896;2
16082;org.spotter.demo.app.DummyApp.testOLB();21476@kitt;100;143019;2
16083;org.spotter.demo.app.DummyApp.testNoProblem();21476@kitt;0;143282;2
16084;org.spotter.demo.app.DummyApp.testOLB();21476@kitt;100;143392;2
16085;org.spotter.demo.app.DummyApp.testNoProblem();21476@kitt;0;143607;2
16086;org.spotter.demo.app.DummyApp.testOLB();21476@kitt;100;143719;2
16087;org.spotter.demo.app.DummyApp.testNoProblem();21476@kitt;0;143995;2
16088;org.spotter.demo.app.DummyApp.testOLB();21476@kitt;100;144119;2
16089;org.spotter.demo.app.DummyApp.testNoProblem();21476@kitt;0;144365;2
16090;org.spotter.demo.app.DummyApp.testOLB();21476@kitt;100;144477;2
16091;org.spotter.demo.app.DummyApp.testNoProblem();21476@kitt;0;144706;2
16092;org.spotter.demo.app.DummyApp.testOLB();21476@kitt;100;144835;2
16093;org.spotter.demo.app.DummyApp.testNoProblem();21476@kitt;0;145041;2
16094;org.spotter.demo.app.DummyApp.testOLB();21476@kitt;100;145206;2
16095;org.spotter.demo.app.DummyApp.testNoProblem();21476@kitt;0;145465;2
16096;org.spotter.demo.app.DummyApp.testOLB();21476@kitt;100;145597;2
16097;org.spotter.demo.app.DummyApp.testNoProblem();21476@kitt;0;145866;2
16098;org.spotter.demo.app.DummyApp.testOLB();21476@kitt;100;146058;2
16099;org.spotter.demo.app.DummyApp.testNoProblem();21476@kitt;0;146330;2
16100;org.spotter.demo.app.DummyApp.testOLB();21476@kitt;100;146481;2
16101;org.spotter.demo.app.DummyApp.testNoProblem();21476@kitt;0;146708;2
16102;org.spotter.demo.app.DummyApp.testOLB();21476@kitt;101;146811;2
16103;org.spotter.demo.app.DummyApp.testNoProblem();21476@kitt;0;147094;2
16104;org.spotter.demo.app.DummyApp.testOLB();21476@kitt;100;147234;2
16105;org.spotter.demo.app.DummyApp.testNoProblem();21476@kitt;0;147495;2
16106;org.spotter.demo.app.DummyApp.testOLB();21476@kitt;100;147680;2
16107;org.spotter.demo.app.DummyApp.testNoProblem();21476@kitt;0;147956;2
16108;org.spotter.demo.app.DummyApp.testOLB();21476@kitt;100;148136;2
16109;org.spotter.demo.app.DummyApp.testNoProblem();21476@kitt;0;148398;2
16110;org.spotter.demo.app.DummyApp.testOLB();21476@kitt;101;148539;2
16111;org.spotter.demo.app.DummyApp.testNoProblem();21476@kitt;0;148822;2
16112;org.spotter.demo.app.DummyApp.testOLB();21476@kitt;100;148924;2
16113;org.spotter.demo.app.DummyApp.testNoProblem();21476@kitt;0;149148;2
16114;org.spotter.demo.app.DummyApp.testOLB();21476@kitt;100;149273;2
16115;org.spotter.demo.app.DummyApp.testNoProblem();21476@kitt;0;149526;2
16116;org.spotter.demo.app.DummyApp.testOLB();21476@kitt;100;149634;2
16117;org.spotter.demo.app.DummyApp.testNoProblem();21476@kitt;0;149905;2
16118;org.spotter.demo.app.DummyApp.testOLB();21476@kitt;100;150069;2
16119;org.spotter.demo.app.DummyApp.testNoProblem();21476@kitt;0;150324;2
16120;org.spotter.demo.app.DummyApp.testOLB();21476@kitt;100;150513;2
16121;org.spotter.demo.app.DummyApp.testNoProblem();21476@kitt;0;150786;2
16122;org.spotter.demo.app.DummyApp.testOLB();21476@kitt;100;150944;2
16123;org.spotter.demo.app.DummyApp.testNoProblem();21476@kitt;0;151220;2
16124;org.spotter.demo.app.DummyApp.testOLB();21476@kitt;101;151328;2
16125;org.spotter.demo.app.DummyApp.testNoProblem();21476@kitt;0;151531;2
16126;org.spotter.demo.app.DummyApp.testOLB();21476@kitt;100;151721;2
16127;org.spotter.demo.app.DummyApp.testNoProblem();21476@kitt;0;152015;2
16128;org.spotter.demo.app.DummyApp.testOLB();21476@kitt;100;152164;2
16129;org.spotter.demo.app.DummyApp.testNoProblem();21476@kitt;0;152427;2
16130;org.spotter.demo.app.DummyApp.testOLB();21476@kitt;100;152574;2
16131;org.spotter.demo.app.DummyApp.testNoProblem();21476@kitt;0;152859;2
16132;org.spotter.demo.app.DummyApp.testOLB();21476@kitt;100;152995;2
16133;org.spotter.demo.app.DummyApp.testNoProblem();21476@kitt;0;153224;2
16134;org.spotter.demo.app.DummyApp.testOLB();21476@kitt;100;153389;2
16135;org.spotter.demo.app.DummyApp.testNoProblem();21476@kitt;0;153688;2
16136;org.spotter.demo.app.DummyApp.testOLB();21476@kitt;100;153856;2
16137;org.spotter.demo.app.DummyApp.testNoProblem();21476@kitt;0;154143;2
16138;org.spotter.demo.app.DummyApp.testOLB();21476@kitt;100;154253;2
16139;org.spotter.demo.app.DummyApp.testNoProblem();21476@kitt;0;154462;2
16140;org.spotter.demo.app.DummyApp.testOLB();21476@kitt;101;154652;2
16141;org.spotter.demo.app.DummyApp.testNoProblem();21476@kitt;0;154871;2
16142;org.spotter.demo.app.DummyApp.testOLB();21476@kitt;100;155013;2
16143;org.spotter.demo.app.DummyApp.testNoProblem();21476@kitt;0;155292;2
16144;org.spotter.demo.app.DummyApp.testOLB();21476@kitt;100;155423;2
16145;org.spotter.demo.app.DummyApp.testNoProblem();21476@kitt;0;155637;2
16146;org.spotter.demo.app.DummyApp.testOLB();21476@kitt;100;155798;2
16147;org.spotter.demo.app.DummyApp.testNoProblem();21476@kitt;0;156040;2
16148;org.spotter.demo.app.DummyApp.testOLB();21476@kitt;100;156165;2
16149;org.spotter.demo.app.DummyApp.testNoProblem();21476@kitt;0;156425;2
16150;org.spotter.demo.app.DummyApp.testOLB();21476@kitt;100;156569;2
16151;org.spotter.demo.app.DummyApp.testNoProblem();21476@kitt;0;156844;2
16152;org.spotter.demo.app.DummyApp.testOLB();21476@kitt;100;157003;2
16153;org.spotter.demo.app.DummyApp.testNoProblem();21476@kitt;0;157235;2
16154;org.spotter.demo.app.DummyApp.testOLB();21476@kitt;100;157341;2
16155;org.spotter.demo.app.DummyApp.testNoProblem();21476@kitt;0;157601;2
16156;org.spotter.demo.app.DummyApp.testOLB();21476@kitt;100;157780;2
16157;org.spotter.demo.app.DummyApp.testNoProblem();21476@kitt;0;158030;2
16158;org.spotter.demo.app.DummyApp.testOLB();21476@kitt;100;158152;2
16159;org.spotter.demo.app.DummyApp.testNoProblem();21476@kitt;0;158428;2
16160;org.spotter.demo.app.DummyApp.testOLB();21476@kitt;100;158620;2
16161;org.spotter.demo.app.DummyApp.testNoProblem();21476@kitt;0;158869;2
16162;org.spotter.demo.app.DummyApp.testOLB();21476@kitt;100;159028;2
16163;org.spotter.demo.app.DummyApp.testNoProblem();21476@kitt;0;159307;2
16164;org.spotter.demo.app.DummyApp.testOLB();21476@kitt;100;159446;2
16165;org.spotter.demo.app.DummyApp.testNoProblem();21476@kitt;0;159685;2
16166;org.spotter.demo.app.DummyApp.testOLB();21476@kitt;100;159883;2
16167;org.spotter.demo.app.DummyApp.testNoProblem();21476@kitt;0;160172;2
16168;org.spotter.demo.app.DummyApp.testOLB();21476@kitt;101;160272;2
16169;org.spotter.demo.app.DummyApp.testNoProblem();21476@kitt;0;160523;2
16170;org.spotter.demo.app.DummyApp.testOLB();21476@kitt;100;160646;2
16171;org.spotter.demo.app.DummyApp.testNoProblem();21476@kitt;0;160929;2
16172;org.spotter.demo.app.DummyApp.testOLB();21476@kitt;100;161122;2
16173;org.spotter.demo.app.DummyApp.testNoProblem();21476@kitt;0;161352;2
16174;org.spotter.demo.app.DummyApp.testOLB();21476@kitt;100;161466;2
16175;org.spotter.demo.app.DummyApp.testNoProblem();21476@kitt;0;161690;2
16176;org.spotter.demo.app.DummyApp.testOLB();21476@kitt;100;161859;2
16177;org.spotter.demo.app.DummyApp.testNoProblem();21476@kitt;0;162151;2
16178;org.spotter.demo.app.DummyApp.testOLB();21476@kitt;100;162304;2
16179;org.spotter.demo.app.DummyApp.testNoProblem();21476@kitt;0;162535;2
16180;org.spotter.demo.app.DummyApp.testOLB();21476@kitt;100;162648;2
16181;org.spotter.demo.app.DummyApp.testNoProblem();21476@kitt;0;162899;2
16182;org.spotter.demo.app.DummyApp.testOLB();21476@kitt;100;163026;2
16183;org.spotter.demo.app.DummyApp.testNoProblem();21476@kitt;0;163231;2
16184;org.spotter.demo.app.DummyApp.testOLB();21476@kitt;100;163421;2
16185;org.spotter.demo.app.DummyApp.testNoProblem();21476@kitt;0;163719;2
16186;org.spotter.demo.app.DummyApp.testOLB();21476@kitt;100;163840;2
16187;org.spotter.demo.app.DummyApp.testNoProblem();21476@kitt;0;164051;2
16188;org.spotter.demo.app.DummyApp.testOLB();21476@kitt;100;164192;2
16189;org.spotter.demo.app.DummyApp.testNoProblem();21476@kitt;0;164449;2
16190;org.spotter.demo.app.DummyApp.testOLB();21476@kitt;100;164550;2
16191;org.spotter.demo.app.DummyApp.testNoProblem();21476@kitt;0;164847;2
16192;org.spotter.demo.app.DummyApp.testOLB();21476@kitt;101;164975;2
16193;org.spotter.demo.app.DummyApp.testNoProblem();21476@kitt;0;165198;2
16194;org.spotter.demo.app.DummyApp.testOLB();21476@kitt;100;165369;2
16195;org.spotter.demo.app.DummyApp.testNoProblem();21476@kitt;0;165588;2
16196;org.spotter.demo.app.DummyApp.testOLB();21476@kitt;100;165730;2
16197;org.spotter.demo.app.DummyApp.testNoProblem();21476@kitt;0;166029;2
16198;org.spotter.demo.app.DummyApp.testOLB();21476@kitt;101;166175;2
16199;org.spotter.demo.app.DummyApp.testNoProblem();21476@kitt;0;166392;2
16200;org.spotter.demo.app.DummyApp.testOLB();21476@kitt;100;166580;2
16201;org.spotter.demo.app.DummyApp.testNoProblem();21476@kitt;0;166852;2
16202;org.spotter.demo.app.DummyApp.testOLB();21476@kitt;100;166953;2
16203;org.spotter.demo.app.DummyApp.testNoProblem();21476@kitt;0;167193;2
16204;org.spotter.demo.app.DummyApp.testOLB();21476@kitt;100;167315;2
16205;org.spotter.demo.app.DummyApp.testNoProblem();21476@kitt;0;167543;2
16206;org.spotter.demo.app.DummyApp.testOLB();21476@kitt;100;167712;2
16207;org.spotter.demo.app.DummyApp.testNoProblem();21476@kitt;0;168005;2
16208;org.spotter.demo.app.DummyApp.testOLB();21476@kitt;100;168144;2
16209;org.spotter.demo.app.DummyApp.testNoProblem();21476@kitt;0;168384;2
16210;org.spotter.demo.app.DummyApp.testOLB();21476@kitt;100;168572;2
16211;org.spotter.demo.app.DummyApp.testNoProblem();21476@kitt;0;168786;2
16212;org.spotter.demo.app.DummyApp.testOLB();21476@kitt;100;168976;2
16213;org.spotter.demo.app.DummyApp.testNoProblem();21476@kitt;0;169260;2
16214;org.spotter.demo.app.DummyApp.testOLB();21476@kitt;101;169435;2
16215;org.spotter.demo.app.DummyApp.testNoProblem();21476@kitt;0;169678;2
16216;org.spotter.demo.app.DummyApp.testOLB();21476@kitt;100;169793;2
16217;org.spotter.demo.app.DummyApp.testNoProblem();21476@kitt;0;170077;2
16218;org.spotter.demo.app.DummyApp.testOLB();21476@kitt;100;170272;2
16219;org.spotter.demo.app.DummyApp.testNoProblem();21476@kitt;0;170562;2
16220;org.spotter.demo.app.DummyApp.testOLB();21476@kitt;101;170732;2
16221;org.spotter.demo.app.DummyApp.testNoProblem();21476@kitt;0;171021;2
16222;org.spotter.demo.app.DummyApp.testOLB();21476@kitt;100;171124;2
16223;org.spotter.demo.app.DummyApp.testNoProblem();21476@kitt;0;171400;2
16224;org.spotter.demo.app.DummyApp.testOLB();21476@kitt;100;171553;2
16225;org.spotter.demo.app.DummyApp.testNoProblem();21476@kitt;0;171755;2
16226;org.spotter.demo.app.DummyApp.testOLB();21476@kitt;100;171917;2
16227;org.spotter.demo.app.DummyApp.testNoProblem();21476@kitt;0;172168;2
16228;org.spotter.demo.app.DummyApp.testOLB();21476@kitt;100;172367;2
16229;org.spotter.demo.app.DummyApp.testNoProblem();21476@kitt;0;172586;2
16230;org.spotter.demo.app.DummyApp.testOLB();21476@kitt;100;172711;2
16231;org.spotter.demo.app.DummyApp.testNoProblem();21476@kitt;0;172932;2
16232;org.spotter.demo.app.DummyApp.testOLB();21476@kitt;100;173043;2
16233;org.spotter.demo.app.DummyApp.testNoProblem();21476@kitt;0;173283;2
16234;org.spotter.demo.app.DummyApp.testOLB();21476@kitt;100;173478;2
16235;org.spotter.demo.app.DummyApp.testNoProblem();21476@kitt;0;173709;2
16236;org.spotter.demo.app.DummyApp.testOLB();21476@kitt;100;173897;2
16237;org.spotter.demo.app.DummyApp.testNoProblem();21476@kitt;0;174152;2
16238;org.spotter.demo.app.DummyApp.testOLB();21476@kitt;100;174312;2
16239;org.spotter.demo.app.DummyApp.testNoProblem();21476@kitt;0;174515;2
16240;org.spotter.demo.app.DummyApp.testOLB();21476@kitt;100;174620;2
16241;org.spotter.demo.app.DummyApp.testNoProblem();21476@kitt;0;174871;2
16242;org.spotter.demo.app.DummyApp.testOLB();21476@kitt;100;175048;2
16243;org.spotter.demo.app.DummyApp.testNoProblem();21476@kitt;0;175252;2
16244;org.spotter.demo.app.DummyApp.testOLB();21476@kitt;100;175444;2
16245;org.spotter.demo.app.DummyApp.testNoProblem();21476@kitt;0;175727;2
16246;org.spotter.demo.app.DummyApp.testOLB();21476@kitt;101;175913;2
16247;org.spotter.demo.app.DummyApp.testNoProblem();21476@kitt;0;176135;2
16248;org.spotter.demo.app.DummyApp.testOLB();21476@kitt;100;176240;2
16249;org.spotter.demo.app.DummyApp.testNoProblem();21476@kitt;0;176514;2
16250;org.spotter.demo.app.DummyApp.testOLB();21476@kitt;100;176649;2
16251;org.spotter.demo.app.DummyApp.testNoProblem();21476@kitt;0;176941;2
16252;org.spotter.demo.app.DummyApp.testOLB();21476@kitt;100;177123;2
16253;org.spotter.demo.app.DummyApp.testNoProblem();21476@kitt;0;177354;2
16254;org.spotter.demo.app.DummyApp.testOLB();21476@kitt;100;177510;2
16255;org.spotter.demo.app.DummyApp.testNoProblem();21476@kitt;0;177775;2
16256;org.spotter.demo.app.DummyApp.testOLB();21476@kitt;100;177898;2
16257;org.spotter.demo.app.DummyApp.testNoProblem();21476@kitt;0;178164;2
16258;org.spotter.demo.app.DummyApp.testOLB();21476@kitt;100;178268;2
16259;org.spotter.demo.app.DummyApp.testNoProblem();21476@kitt;0;178488;2
16260;org.spotter.demo.app.DummyApp.testOLB();21476@kitt;101;178598;2
16261;org.spotter.demo.app.DummyApp.testNoProblem();21476@kitt;0;178893;2
16262;org.spotter.demo.app.DummyApp.testOLB();21476@kitt;100;179035;2
16263;org.spotter.demo.app.DummyApp.testNoProblem();21476@kitt;0;179327;2
16264;org.spotter.demo.app.DummyApp.testOLB();21476@kitt;100;179488;2
16265;org.spotter.demo.app.DummyApp.testNoProblem();21476@kitt;0;179729;2
16266;org.spotter.demo.app.DummyApp.testOLB();21476@kitt;101;179838;2
