callId;operation;processId;responseTime;timeStamp;numUsers
Long;String;String;Long;Long;Integer
1;org.spotter.demo.app.DummyApp.testOLB();21476@kitt;100;114;1
2;org.spotter.demo.app.DummyApp.testNoProblem();21476@kitt;0;401;1
3;org.spotter.demo.app.DummyApp.testOLB();21476@kitt;100;590;1
4;org.spotter.demo.app.DummyApp.testNoProblem();21476@kitt;0;852;1
5;org.spotter.demo.app.DummyApp.testOLB();21476@kitt;100;1023;1
6;org.spotter.demo.app.DummyApp.testNoProblem();21476@kitt;0;1285;1
7;org.spotter.demo.app.DummyApp.testOLB();21476@kitt;100;1395;1
8;org.spotter.demo.app.DummyApp.testNoProblem();21476@kitt;0;1645;1
9;org.spotter.demo.app.DummyApp.testOLB();21476@kitt;100;1817;1
10;org.spotter.demo.app.DummyApp.testNoProblem();21476@kitt;0;2116;1
11;org.spotter.demo.app.DummyApp.testOLB();21476@kitt;100;2232;1
12;org.spotter.demo.app.DummyApp.testNoProblem();21476@kitt;0;2519;1
13;org.spotter.demo.app.DummyApp.testOLB();21476@kitt;101;2642;1
14;org.spotter.demo.app.DummyApp.testNoProblem();21476@kitt;0;2868;1
15;org.spotter.demo.app.DummyApp.testOLB();21476@kitt;101;2978;1
16;org.spotter.demo.app.DummyApp.testNoProblem();21476@kitt;0;3219;1
17;org.spotter.demo.app.DummyApp.testOLB();21476@kitt;100;3335;1
18;org.spotter.demo.app.DummyApp.testNoProblem();21476@kitt;0;3559;1
19;org.spotter.demo.app.DummyApp.testOLB();21476@kitt;100;3707;1
20;org.spotter.demo.app.DummyApp.testNoProblem();21476@kitt;0;3940;1
21;org.spotter.demo.app.DummyApp.testOLB();21476@kitt;100;4112;1
22;org.spotter.demo.app.DummyApp.testNoProblem();21476@kitt;0;4414;1
23;org.spotter.demo.app.DummyApp.testOLB();21476@kitt;100;4620;1
24;org.spotter.demo.app.DummyApp.testNoProblem();21476@kitt;0;4879;1
25;org.spotter.demo.app.DummyApp.testOLB();21476@kitt;100;5000;1
26;org.spotter.demo.app.DummyApp.testNoProblem();21476@kitt;0;5207;1
27;org.spotter.demo.app.DummyApp.testOLB();21476@kitt;100;5318;1
28;org.spotter.demo.app.DummyApp.testNoProblem();21476@kitt;0;5522;1
29;org.spotter.demo.app.DummyApp.testOLB();21476@kitt;100;5657;1
30;org.spotter.demo.app.DummyApp.testNoProblem();21476@kitt;0;5869;1
31;org.spotter.demo.app.DummyApp.testOLB();21476@kitt;100;5998;1
32;org.spotter.demo.app.DummyApp.testNoProblem();21476@kitt;0;6220;1
33;org.spotter.demo.app.DummyApp.testOLB();21476@kitt;100;6407;1
34;org.spotter.demo.app.DummyApp.testNoProblem();21476@kitt;0;6694;1
35;org.spotter.demo.app.DummyApp.testOLB();21476@kitt;100;6891;1
36;org.spotter.demo.app.DummyApp.testNoProblem();21476@kitt;0;7136;1
37;org.spotter.demo.app.DummyApp.testOLB();21476@kitt;100;7245;1
38;org.spotter.demo.app.DummyApp.testNoProblem();21476@kitt;0;7536;1
39;org.spotter.demo.app.DummyApp.testOLB();21476@kitt;100;7670;1
40;org.spotter.demo.app.DummyApp.testNoProblem();21476@kitt;0;7922;1
41;org.spotter.demo.app.DummyApp.testOLB();21476@kitt;100;8030;1
42;org.spotter.demo.app.DummyApp.testNoProblem();21476@kitt;0;8239;1
43;org.spotter.demo.app.DummyApp.testOLB();21476@kitt;100;8421;1
44;org.spotter.demo.app.DummyApp.testNoProblem();21476@kitt;0;8710;1
45;org.spotter.demo.app.DummyApp.testOLB();21476@kitt;100;8884;1
46;org.spotter.demo.app.DummyApp.testNoProblem();21476@kitt;0;9137;1
47;org.spotter.demo.app.DummyApp.testOLB();21476@kitt;100;9310;1
48;org.spotter.demo.app.DummyApp.testNoProblem();21476@kitt;0;9522;1
49;org.spotter.demo.app.DummyApp.testOLB();21476@kitt;100;9637;1
50;org.spotter.demo.app.DummyApp.testNoProblem();21476@kitt;0;9856;1
51;org.spotter.demo.app.DummyApp.testOLB();21476@kitt;100;10020;1
52;org.spotter.demo.app.DummyApp.testNoProblem();21476@kitt;0;10296;1
53;org.spotter.demo.app.DummyApp.testOLB();21476@kitt;100;10456;1
54;org.spotter.demo.app.DummyApp.testNoProblem();21476@kitt;0;10699;1
55;org.spotter.demo.app.DummyApp.testOLB();21476@kitt;100;10812;1
56;org.spotter.demo.app.DummyApp.testNoProblem();21476@kitt;0;11066;1
57;org.spotter.demo.app.DummyApp.testOLB();21476@kitt;100;11184;1
58;org.spotter.demo.app.DummyApp.testNoProblem();21476@kitt;0;11464;1
59;org.spotter.demo.app.DummyApp.testOLB();21476@kitt;100;11619;1
60;org.spotter.demo.app.DummyApp.testNoProblem();21476@kitt;0;11909;1
61;org.spotter.demo.app.DummyApp.testOLB();21476@kitt;100;12080;1
62;org.spotter.demo.app.DummyApp.testNoProblem();21476@kitt;0;12319;1
63;org.spotter.demo.app.DummyApp.testOLB();21476@kitt;100;12468;1
64;org.spotter.demo.app.DummyApp.testNoProblem();21476@kitt;0;12677;1
65;org.spotter.demo.app.DummyApp.testOLB();21476@kitt;101;12858;1
66;org.spotter.demo.app.DummyApp.testNoProblem();21476@kitt;0;13136;1
67;org.spotter.demo.app.DummyApp.testOLB();21476@kitt;100;13317;1
68;org.spotter.demo.app.DummyApp.testNoProblem();21476@kitt;0;13557;1
69;org.spotter.demo.app.DummyApp.testOLB();21476@kitt;100;13671;1
70;org.spotter.demo.app.DummyApp.testNoProblem();21476@kitt;0;13907;1
71;org.spotter.demo.app.DummyApp.testOLB();21476@kitt;100;14066;1
72;org.spotter.demo.app.DummyApp.testNoProblem();21476@kitt;0;14324;1
73;org.spotter.demo.app.DummyApp.testOLB();21476@kitt;100;14449;1
74;org.spotter.demo.app.DummyApp.testNoProblem();21476@kitt;0;14743;1
75;org.spotter.demo.app.DummyApp.testOLB();21476@kitt;100;14864;1
76;org.spotter.demo.app.DummyApp.testNoProblem();21476@kitt;0;15166;1
77;org.spotter.demo.app.DummyApp.testOLB();21476@kitt;100;15295;1
78;org.spotter.demo.app.DummyApp.testNoProblem();21476@kitt;0;15510;1
79;org.spotter.demo.app.DummyApp.testOLB();21476@kitt;100;15637;1
80;org.spotter.demo.app.DummyApp.testNoProblem();21476@kitt;0;15879;1
81;org.spotter.demo.app.DummyApp.testOLB();21476@kitt;100;16079;1
82;org.spotter.demo.app.DummyApp.testNoProblem();21476@kitt;0;16317;1
83;org.spotter.demo.app.DummyApp.testOLB();21476@kitt;100;16509;1
84;org.spotter.demo.app.DummyApp.testNoProblem();21476@kitt;0;16805;1
85;org.spotter.demo.app.DummyApp.testOLB();21476@kitt;100;16956;1
86;org.spotter.demo.app.DummyApp.testNoProblem();21476@kitt;0;17243;1
87;org.spotter.demo.app.DummyApp.testOLB();21476@kitt;100;17390;1
88;org.spotter.demo.app.DummyApp.testNoProblem();21476@kitt;0;17648;1
89;org.spotter.demo.app.DummyApp.testOLB();21476@kitt;100;17816;1
90;org.spotter.demo.app.DummyApp.testNoProblem();21476@kitt;0;18094;1
91;org.spotter.demo.app.DummyApp.testOLB();21476@kitt;100;18210;1
92;org.spotter.demo.app.DummyApp.testNoProblem();21476@kitt;0;18484;1
93;org.spotter.demo.app.DummyApp.testOLB();21476@kitt;101;18627;1
94;org.spotter.demo.app.DummyApp.testNoProblem();21476@kitt;0;18862;1
95;org.spotter.demo.app.DummyApp.testOLB();21476@kitt;101;19049;1
96;org.spotter.demo.app.DummyApp.testNoProblem();21476@kitt;0;19261;1
97;org.spotter.demo.app.DummyApp.testOLB();21476@kitt;100;19423;1
98;org.spotter.demo.app.DummyApp.testNoProblem();21476@kitt;0;19643;1
99;org.spotter.demo.app.DummyApp.testOLB();21476@kitt;101;19800;1
100;org.spotter.demo.app.DummyApp.testNoProblem();21476@kitt;0;20031;1
101;org.spotter.demo.app.DummyApp.testOLB();21476@kitt;100;20205;1
102;org.spotter.demo.app.DummyApp.testNoProblem();21476@kitt;0;20414;1
103;org.spotter.demo.app.DummyApp.testOLB();21476@kitt;100;20565;1
104;org.spotter.demo.app.DummyApp.testNoProblem();21476@kitt;0;20849;1
105;org.spotter.demo.app.DummyApp.testOLB();21476@kitt;100;20989;1
106;org.spotter.demo.app.DummyApp.testNoProblem();21476@kitt;0;21277;1
107;org.spotter.demo.app.DummyApp.testOLB();21476@kitt;100;21451;1
108;org.spotter.demo.app.DummyApp.testNoProblem();21476@kitt;0;21726;1
109;org.spotter.demo.app.DummyApp.testOLB();21476@kitt;100;21917;1
110;org.spotter.demo.app.DummyApp.testNoProblem();21476@kitt;0;22181;1
111;org.spotter.demo.app.DummyApp.testOLB();21476@kitt;100;22340;1
112;org.spotter.demo.app.DummyApp.testNoProblem();21476@kitt;0;22633;1
113;org.spotter.demo.app.DummyApp.testOLB();21476@kitt;100;22830;1
114;org.spotter.demo.app.DummyApp.testNoProblem();21476@kitt;0;23054;1
115;org.spotter.demo.app.DummyApp.testOLB();21476@kitt;100;23182;1
116;org.spotter.demo.app.DummyApp.testNoProblem();21476@kitt;0;23444;1
117;org.spotter.demo.app.DummyApp.testOLB();21476@kitt;100;23577;1
118;org.spotter.demo.app.DummyApp.testNoProblem();21476@kitt;0;23876;1
119;org.spotter.demo.app.DummyApp.testOLB();21476@kitt;100;24051;1
120;org.spotter.demo.app.DummyApp.testNoProblem();21476@kitt;0;24259;1
121;org.spotter.demo.app.DummyApp.testOLB();21476@kitt;101;24365;1
122;org.spotter.demo.app.DummyApp.testNoProblem();21476@kitt;0;24653;1
123;org.spotter.demo.app.DummyApp.testOLB();21476@kitt;100;24844;1
124;org.spotter.demo.app.DummyApp.testNoProblem();21476@kitt;0;25109;1
125;org.spotter.demo.app.DummyApp.testOLB();21476@kitt;100;25306;1
126;org.spotter.demo.app.DummyApp.testNoProblem();21476@kitt;0;25588;1
127;org.spotter.demo.app.DummyApp.testOLB();21476@kitt;100;25693;1
128;org.spotter.demo.app.DummyApp.testNoProblem();21476@kitt;0;25906;1
129;org.spotter.demo.app.DummyApp.testOLB();21476@kitt;100;26069;1
130;org.spotter.demo.app.DummyApp.testNoProblem();21476@kitt;0;26333;1
131;org.spotter.demo.app.DummyApp.testOLB();21476@kitt;100;26531;1
132;org.spotter.demo.app.DummyApp.testNoProblem();21476@kitt;0;26801;1
133;org.spotter.demo.app.DummyApp.testOLB();21476@kitt;100;26944;1
134;org.spotter.demo.app.DummyApp.testNoProblem();21476@kitt;0;27198;1
135;org.spotter.demo.app.DummyApp.testOLB();21476@kitt;100;27386;1
136;org.spotter.demo.app.DummyApp.testNoProblem();21476@kitt;0;27663;1
137;org.spotter.demo.app.DummyApp.testOLB();21476@kitt;100;27841;1
138;org.spotter.demo.app.DummyApp.testNoProblem();21476@kitt;0;28111;1
139;org.spotter.demo.app.DummyApp.testOLB();21476@kitt;100;28310;1
140;org.spotter.demo.app.DummyApp.testNoProblem();21476@kitt;0;28555;1
141;org.spotter.demo.app.DummyApp.testOLB();21476@kitt;100;28664;1
142;org.spotter.demo.app.DummyApp.testNoProblem();21476@kitt;0;28925;1
143;org.spotter.demo.app.DummyApp.testOLB();21476@kitt;100;29076;1
144;org.spotter.demo.app.DummyApp.testNoProblem();21476@kitt;0;29279;1
145;org.spotter.demo.app.DummyApp.testOLB();21476@kitt;100;29390;1
146;org.spotter.demo.app.DummyApp.testNoProblem();21476@kitt;0;29680;1
147;org.spotter.demo.app.DummyApp.testOLB();21476@kitt;100;29808;1
148;org.spotter.demo.app.DummyApp.testNoProblem();21476@kitt;0;30085;1
149;org.spotter.demo.app.DummyApp.testOLB();21476@kitt;100;30285;1
150;org.spotter.demo.app.DummyApp.testNoProblem();21476@kitt;0;30584;1
151;org.spotter.demo.app.DummyApp.testOLB();21476@kitt;100;30749;1
152;org.spotter.demo.app.DummyApp.testNoProblem();21476@kitt;0;31019;1
153;org.spotter.demo.app.DummyApp.testOLB();21476@kitt;101;31205;1
154;org.spotter.demo.app.DummyApp.testNoProblem();21476@kitt;0;31448;1
155;org.spotter.demo.app.DummyApp.testOLB();21476@kitt;100;31638;1
156;org.spotter.demo.app.DummyApp.testNoProblem();21476@kitt;0;31898;1
157;org.spotter.demo.app.DummyApp.testOLB();21476@kitt;100;32058;1
158;org.spotter.demo.app.DummyApp.testNoProblem();21476@kitt;0;32326;1
159;org.spotter.demo.app.DummyApp.testOLB();21476@kitt;100;32466;1
160;org.spotter.demo.app.DummyApp.testNoProblem();21476@kitt;0;32678;1
161;org.spotter.demo.app.DummyApp.testOLB();21476@kitt;100;32795;1
162;org.spotter.demo.app.DummyApp.testNoProblem();21476@kitt;0;33048;1
163;org.spotter.demo.app.DummyApp.testOLB();21476@kitt;100;33198;1
164;org.spotter.demo.app.DummyApp.testNoProblem();21476@kitt;0;33453;1
165;org.spotter.demo.app.DummyApp.testOLB();21476@kitt;100;33630;1
166;org.spotter.demo.app.DummyApp.testNoProblem();21476@kitt;0;33835;1
167;org.spotter.demo.app.DummyApp.testOLB();21476@kitt;100;33953;1
168;org.spotter.demo.app.DummyApp.testNoProblem();21476@kitt;0;34168;1
169;org.spotter.demo.app.DummyApp.testOLB();21476@kitt;100;34284;1
170;org.spotter.demo.app.DummyApp.testNoProblem();21476@kitt;0;34552;1
171;org.spotter.demo.app.DummyApp.testOLB();21476@kitt;100;34709;1
172;org.spotter.demo.app.DummyApp.testNoProblem();21476@kitt;0;34931;1
173;org.spotter.demo.app.DummyApp.testOLB();21476@kitt;100;35043;1
174;org.spotter.demo.app.DummyApp.testNoProblem();21476@kitt;0;35332;1
175;org.spotter.demo.app.DummyApp.testOLB();21476@kitt;101;35452;1
176;org.spotter.demo.app.DummyApp.testNoProblem();21476@kitt;0;35680;1
177;org.spotter.demo.app.DummyApp.testOLB();21476@kitt;100;35802;1
178;org.spotter.demo.app.DummyApp.testNoProblem();21476@kitt;0;36012;1
179;org.spotter.demo.app.DummyApp.testOLB();21476@kitt;100;36139;1
180;org.spotter.demo.app.DummyApp.testNoProblem();21476@kitt;0;36434;1
181;org.spotter.demo.app.DummyApp.testOLB();21476@kitt;100;36567;1
182;org.spotter.demo.app.DummyApp.testNoProblem();21476@kitt;0;36834;1
183;org.spotter.demo.app.DummyApp.testOLB();21476@kitt;100;37005;1
184;org.spotter.demo.app.DummyApp.testNoProblem();21476@kitt;0;37306;1
185;org.spotter.demo.app.DummyApp.testOLB();21476@kitt;100;37426;1
186;org.spotter.demo.app.DummyApp.testNoProblem();21476@kitt;0;37642;1
187;org.spotter.demo.app.DummyApp.testOLB();21476@kitt;100;37783;1
188;org.spotter.demo.app.DummyApp.testNoProblem();21476@kitt;0;38073;1
189;org.spotter.demo.app.DummyApp.testOLB();21476@kitt;101;38266;1
190;org.spotter.demo.app.DummyApp.testNoProblem();21476@kitt;0;38512;1
191;org.spotter.demo.app.DummyApp.testOLB();21476@kitt;100;38696;1
192;org.spotter.demo.app.DummyApp.testNoProblem();21476@kitt;0;38938;1
193;org.spotter.demo.app.DummyApp.testOLB();21476@kitt;100;39084;1
194;org.spotter.demo.app.DummyApp.testNoProblem();21476@kitt;0;39322;1
195;org.spotter.demo.app.DummyApp.testOLB();21476@kitt;100;39502;1
196;org.spotter.demo.app.DummyApp.testNoProblem();21476@kitt;0;39798;1
197;org.spotter.demo.app.DummyApp.testOLB();21476@kitt;100;39904;1
198;org.spotter.demo.app.DummyApp.testNoProblem();21476@kitt;0;40141;1
199;org.spotter.demo.app.DummyApp.testOLB();21476@kitt;101;40343;1
200;org.spotter.demo.app.DummyApp.testNoProblem();21476@kitt;0;40549;1
201;org.spotter.demo.app.DummyApp.testOLB();21476@kitt;100;40657;1
202;org.spotter.demo.app.DummyApp.testNoProblem();21476@kitt;0;40938;1
203;org.spotter.demo.app.DummyApp.testOLB();21476@kitt;100;41105;1
204;org.spotter.demo.app.DummyApp.testNoProblem();21476@kitt;0;41348;1
205;org.spotter.demo.app.DummyApp.testOLB();21476@kitt;100;41504;1
206;org.spotter.demo.app.DummyApp.testNoProblem();21476@kitt;0;41769;1
207;org.spotter.demo.app.DummyApp.testOLB();21476@kitt;100;41967;1
208;org.spotter.demo.app.DummyApp.testNoProblem();21476@kitt;0;42213;1
209;org.spotter.demo.app.DummyApp.testOLB();21476@kitt;101;42385;1
210;org.spotter.demo.app.DummyApp.testNoProblem();21476@kitt;0;42620;1
211;org.spotter.demo.app.DummyApp.testOLB();21476@kitt;101;42750;1
212;org.spotter.demo.app.DummyApp.testNoProblem();21476@kitt;0;42970;1
213;org.spotter.demo.app.DummyApp.testOLB();21476@kitt;100;43112;1
214;org.spotter.demo.app.DummyApp.testNoProblem();21476@kitt;0;43400;1
215;org.spotter.demo.app.DummyApp.testOLB();21476@kitt;100;43561;1
216;org.spotter.demo.app.DummyApp.testNoProblem();21476@kitt;0;43854;1
217;org.spotter.demo.app.DummyApp.testOLB();21476@kitt;100;43995;1
218;org.spotter.demo.app.DummyApp.testNoProblem();21476@kitt;0;44235;1
219;org.spotter.demo.app.DummyApp.testOLB();21476@kitt;100;44427;1
220;org.spotter.demo.app.DummyApp.testNoProblem();21476@kitt;0;44691;1
221;org.spotter.demo.app.DummyApp.testOLB();21476@kitt;100;44880;1
222;org.spotter.demo.app.DummyApp.testNoProblem();21476@kitt;0;45174;1
223;org.spotter.demo.app.DummyApp.testOLB();21476@kitt;100;45336;1
224;org.spotter.demo.app.DummyApp.testNoProblem();21476@kitt;0;45546;1
225;org.spotter.demo.app.DummyApp.testOLB();21476@kitt;100;45674;1
226;org.spotter.demo.app.DummyApp.testNoProblem();21476@kitt;0;45918;1
227;org.spotter.demo.app.DummyApp.testOLB();21476@kitt;101;46114;1
228;org.spotter.demo.app.DummyApp.testNoProblem();21476@kitt;0;46361;1
229;org.spotter.demo.app.DummyApp.testOLB();21476@kitt;101;46480;1
230;org.spotter.demo.app.DummyApp.testNoProblem();21476@kitt;0;46722;1
231;org.spotter.demo.app.DummyApp.testOLB();21476@kitt;100;46866;1
232;org.spotter.demo.app.DummyApp.testNoProblem();21476@kitt;0;47165;1
233;org.spotter.demo.app.DummyApp.testOLB();21476@kitt;100;47277;1
234;org.spotter.demo.app.DummyApp.testNoProblem();21476@kitt;0;47488;1
235;org.spotter.demo.app.DummyApp.testOLB();21476@kitt;100;47616;1
236;org.spotter.demo.app.DummyApp.testNoProblem();21476@kitt;0;47871;1
237;org.spotter.demo.app.DummyApp.testOLB();21476@kitt;101;47992;1
238;org.spotter.demo.app.DummyApp.testNoProblem();21476@kitt;0;48289;1
239;org.spotter.demo.app.DummyApp.testOLB();21476@kitt;100;48430;1
240;org.spotter.demo.app.DummyApp.testNoProblem();21476@kitt;0;48653;1
241;org.spotter.demo.app.DummyApp.testOLB();21476@kitt;100;48823;1
242;org.spotter.demo.app.DummyApp.testNoProblem();21476@kitt;0;49032;1
243;org.spotter.demo.app.DummyApp.testOLB();21476@kitt;100;49168;1
244;org.spotter.demo.app.DummyApp.testNoProblem();21476@kitt;0;49419;1
245;org.spotter.demo.app.DummyApp.testOLB();21476@kitt;101;49580;1
246;org.spotter.demo.app.DummyApp.testNoProblem();21476@kitt;0;49809;1
247;org.spotter.demo.app.DummyApp.testOLB();21476@kitt;100;49983;1
248;org.spotter.demo.app.DummyApp.testNoProblem();21476@kitt;0;50245;1
249;org.spotter.demo.app.DummyApp.testOLB();21476@kitt;100;50414;1
250;org.spotter.demo.app.DummyApp.testNoProblem();21476@kitt;0;50704;1
251;org.spotter.demo.app.DummyApp.testOLB();21476@kitt;100;50880;1
252;org.spotter.demo.app.DummyApp.testNoProblem();21476@kitt;0;51134;1
253;org.spotter.demo.app.DummyApp.testOLB();21476@kitt;100;51278;1
254;org.spotter.demo.app.DummyApp.testNoProblem();21476@kitt;0;51517;1
255;org.spotter.demo.app.DummyApp.testOLB();21476@kitt;100;51693;1
256;org.spotter.demo.app.DummyApp.testNoProblem();21476@kitt;0;51898;1
257;org.spotter.demo.app.DummyApp.testOLB();21476@kitt;100;52019;1
258;org.spotter.demo.app.DummyApp.testNoProblem();21476@kitt;0;52295;1
259;org.spotter.demo.app.DummyApp.testOLB();21476@kitt;101;52413;1
260;org.spotter.demo.app.DummyApp.testNoProblem();21476@kitt;0;52654;1
261;org.spotter.demo.app.DummyApp.testOLB();21476@kitt;100;52773;1
262;org.spotter.demo.app.DummyApp.testNoProblem();21476@kitt;0;53025;1
263;org.spotter.demo.app.DummyApp.testOLB();21476@kitt;100;53184;1
264;org.spotter.demo.app.DummyApp.testNoProblem();21476@kitt;0;53428;1
265;org.spotter.demo.app.DummyApp.testOLB();21476@kitt;100;53543;1
266;org.spotter.demo.app.DummyApp.testNoProblem();21476@kitt;0;53801;1
267;org.spotter.demo.app.DummyApp.testOLB();21476@kitt;100;53929;1
268;org.spotter.demo.app.DummyApp.testNoProblem();21476@kitt;0;54161;1
269;org.spotter.demo.app.DummyApp.testOLB();21476@kitt;100;54299;1
270;org.spotter.demo.app.DummyApp.testNoProblem();21476@kitt;0;54585;1
271;org.spotter.demo.app.DummyApp.testOLB();21476@kitt;100;54772;1
272;org.spotter.demo.app.DummyApp.testNoProblem();21476@kitt;0;55017;1
273;org.spotter.demo.app.DummyApp.testOLB();21476@kitt;100;55215;1
274;org.spotter.demo.app.DummyApp.testNoProblem();21476@kitt;0;55458;1
275;org.spotter.demo.app.DummyApp.testOLB();21476@kitt;100;55605;1
276;org.spotter.demo.app.DummyApp.testNoProblem();21476@kitt;0;55835;1
277;org.spotter.demo.app.DummyApp.testOLB();21476@kitt;100;55939;1
278;org.spotter.demo.app.DummyApp.testNoProblem();21476@kitt;0;56239;1
279;org.spotter.demo.app.DummyApp.testOLB();21476@kitt;101;56360;1
280;org.spotter.demo.app.DummyApp.testNoProblem();21476@kitt;0;56640;1
281;org.spotter.demo.app.DummyApp.testOLB();21476@kitt;100;56782;1
282;org.spotter.demo.app.DummyApp.testNoProblem();21476@kitt;0;57052;1
283;org.spotter.demo.app.DummyApp.testOLB();21476@kitt;101;57193;1
284;org.spotter.demo.app.DummyApp.testNoProblem();21476@kitt;0;57433;1
285;org.spotter.demo.app.DummyApp.testOLB();21476@kitt;100;57586;1
286;org.spotter.demo.app.DummyApp.testNoProblem();21476@kitt;0;57862;1
287;org.spotter.demo.app.DummyApp.testOLB();21476@kitt;100;58063;1
288;org.spotter.demo.app.DummyApp.testNoProblem();21476@kitt;0;58314;1
289;org.spotter.demo.app.DummyApp.testOLB();21476@kitt;100;58483;1
290;org.spotter.demo.app.DummyApp.testNoProblem();21476@kitt;0;58760;1
291;org.spotter.demo.app.DummyApp.testOLB();21476@kitt;100;58889;1
292;org.spotter.demo.app.DummyApp.testNoProblem();21476@kitt;0;59172;1
293;org.spotter.demo.app.DummyApp.testOLB();21476@kitt;100;59286;1
294;org.spotter.demo.app.DummyApp.testNoProblem();21476@kitt;0;59542;1
295;org.spotter.demo.app.DummyApp.testOLB();21476@kitt;101;59644;1
296;org.spotter.demo.app.DummyApp.testNoProblem();21476@kitt;0;59918;1
297;org.spotter.demo.app.DummyApp.testOLB();21476@kitt;100;60085;1
298;org.spotter.demo.app.DummyApp.testNoProblem();21476@kitt;0;60332;1
299;org.spotter.demo.app.DummyApp.testOLB();21476@kitt;100;60493;1
300;org.spotter.demo.app.DummyApp.testNoProblem();21476@kitt;0;60771;1
301;org.spotter.demo.app.DummyApp.testOLB();21476@kitt;100;60898;1
302;org.spotter.demo.app.DummyApp.testNoProblem();21476@kitt;0;61117;1
303;org.spotter.demo.app.DummyApp.testOLB();21476@kitt;100;61262;1
304;org.spotter.demo.app.DummyApp.testNoProblem();21476@kitt;0;61527;1
305;org.spotter.demo.app.DummyApp.testOLB();21476@kitt;100;61647;1
306;org.spotter.demo.app.DummyApp.testNoProblem();21476@kitt;0;61924;1
307;org.spotter.demo.app.DummyApp.testOLB();21476@kitt;101;62068;1
308;org.spotter.demo.app.DummyApp.testNoProblem();21476@kitt;0;62287;1
309;org.spotter.demo.app.DummyApp.testOLB();21476@kitt;100;62435;1
310;org.spotter.demo.app.DummyApp.testNoProblem();21476@kitt;0;62720;1
311;org.spotter.demo.app.DummyApp.testOLB();21476@kitt;100;62867;1
312;org.spotter.demo.app.DummyApp.testNoProblem();21476@kitt;0;63132;1
313;org.spotter.demo.app.DummyApp.testOLB();21476@kitt;100;63334;1
314;org.spotter.demo.app.DummyApp.testNoProblem();21476@kitt;0;63592;1
315;org.spotter.demo.app.DummyApp.testOLB();21476@kitt;100;63735;1
316;org.spotter.demo.app.DummyApp.testNoProblem();21476@kitt;0;64028;1
317;org.spotter.demo.app.DummyApp.testOLB();21476@kitt;100;64200;1
318;org.spotter.demo.app.DummyApp.testNoProblem();21476@kitt;0;64495;1
319;org.spotter.demo.app.DummyApp.testOLB();21476@kitt;100;64612;1
320;org.spotter.demo.app.DummyApp.testNoProblem();21476@kitt;0;64829;1
321;org.spotter.demo.app.DummyApp.testOLB();21476@kitt;100;64991;1
322;org.spotter.demo.app.DummyApp.testNoProblem();21476@kitt;0;65212;1
323;org.spotter.demo.app.DummyApp.testOLB();21476@kitt;100;65355;1
324;org.spotter.demo.app.DummyApp.testNoProblem();21476@kitt;0;65641;1
325;org.spotter.demo.app.DummyApp.testOLB();21476@kitt;100;65775;1
326;org.spotter.demo.app.DummyApp.testNoProblem();21476@kitt;0;66011;1
327;org.spotter.demo.app.DummyApp.testOLB();21476@kitt;100;66132;1
328;org.spotter.demo.app.DummyApp.testNoProblem();21476@kitt;0;66409;1
329;org.spotter.demo.app.DummyApp.testOLB();21476@kitt;100;66549;1
330;org.spotter.demo.app.DummyApp.testNoProblem();21476@kitt;0;66834;1
331;org.spotter.demo.app.DummyApp.testOLB();21476@kitt;100;66962;1
332;org.spotter.demo.app.DummyApp.testNoProblem();21476@kitt;0;67181;1
333;org.spotter.demo.app.DummyApp.testOLB();21476@kitt;100;67350;1
334;org.spotter.demo.app.DummyApp.testNoProblem();21476@kitt;0;67604;1
335;org.spotter.demo.app.DummyApp.testOLB();21476@kitt;100;67748;1
336;org.spotter.demo.app.DummyApp.testNoProblem();21476@kitt;0;67962;1
337;org.spotter.demo.app.DummyApp.testOLB();21476@kitt;101;68105;1
338;org.spotter.demo.app.DummyApp.testNoProblem();21476@kitt;0;68389;1
339;org.spotter.demo.app.DummyApp.testOLB();21476@kitt;100;68560;1
340;org.spotter.demo.app.DummyApp.testNoProblem();21476@kitt;0;68833;1
341;org.spotter.demo.app.DummyApp.testOLB();21476@kitt;100;68979;1
342;org.spotter.demo.app.DummyApp.testNoProblem();21476@kitt;0;69269;1
343;org.spotter.demo.app.DummyApp.testOLB();21476@kitt;100;69444;1
344;org.spotter.demo.app.DummyApp.testNoProblem();21476@kitt;0;69688;1
345;org.spotter.demo.app.DummyApp.testOLB();21476@kitt;100;69833;1
346;org.spotter.demo.app.DummyApp.testNoProblem();21476@kitt;0;70115;1
347;org.spotter.demo.app.DummyApp.testOLB();21476@kitt;100;70261;1
348;org.spotter.demo.app.DummyApp.testNoProblem();21476@kitt;0;70469;1
349;org.spotter.demo.app.DummyApp.testOLB();21476@kitt;100;70651;1
350;org.spotter.demo.app.DummyApp.testNoProblem();21476@kitt;0;70892;1
351;org.spotter.demo.app.DummyApp.testOLB();21476@kitt;100;71011;1
352;org.spotter.demo.app.DummyApp.testNoProblem();21476@kitt;0;71278;1
353;org.spotter.demo.app.DummyApp.testOLB();21476@kitt;100;71442;1
354;org.spotter.demo.app.DummyApp.testNoProblem();21476@kitt;0;71737;1
355;org.spotter.demo.app.DummyApp.testOLB();21476@kitt;100;71882;1
356;org.spotter.demo.app.DummyApp.testNoProblem();21476@kitt;0;72163;1
357;org.spotter.demo.app.DummyApp.testOLB();21476@kitt;100;72312;1
358;org.spotter.demo.app.DummyApp.testNoProblem();21476@kitt;0;72562;1
359;org.spotter.demo.app.DummyApp.testOLB();21476@kitt;100;72709;1
360;org.spotter.demo.app.DummyApp.testNoProblem();21476@kitt;0;72963;1
361;org.spotter.demo.app.DummyApp.testOLB();21476@kitt;100;73124;1
362;org.spotter.demo.app.DummyApp.testNoProblem();21476@kitt;0;73421;1
363;org.spotter.demo.app.DummyApp.testOLB();21476@kitt;100;73595;1
364;org.spotter.demo.app.DummyApp.testNoProblem();21476@kitt;0;73815;1
365;org.spotter.demo.app.DummyApp.testOLB();21476@kitt;100;73966;1
366;org.spotter.demo.app.DummyApp.testNoProblem();21476@kitt;0;74171;1
367;org.spotter.demo.app.DummyApp.testOLB();21476@kitt;100;74323;1
368;org.spotter.demo.app.DummyApp.testNoProblem();21476@kitt;0;74599;1
369;org.spotter.demo.app.DummyApp.testOLB();21476@kitt;101;74782;1
370;org.spotter.demo.app.DummyApp.testNoProblem();21476@kitt;0;75021;1
371;org.spotter.demo.app.DummyApp.testOLB();21476@kitt;100;75180;1
372;org.spotter.demo.app.DummyApp.testNoProblem();21476@kitt;0;75398;1
373;org.spotter.demo.app.DummyApp.testOLB();21476@kitt;100;75587;1
374;org.spotter.demo.app.DummyApp.testNoProblem();21476@kitt;0;75830;1
375;org.spotter.demo.app.DummyApp.testOLB();21476@kitt;100;75987;1
376;org.spotter.demo.app.DummyApp.testNoProblem();21476@kitt;0;76289;1
377;org.spotter.demo.app.DummyApp.testOLB();21476@kitt;100;76418;1
378;org.spotter.demo.app.DummyApp.testNoProblem();21476@kitt;0;76704;1
379;org.spotter.demo.app.DummyApp.testOLB();21476@kitt;100;76897;1
380;org.spotter.demo.app.DummyApp.testNoProblem();21476@kitt;0;77105;1
381;org.spotter.demo.app.DummyApp.testOLB();21476@kitt;101;77268;1
382;org.spotter.demo.app.DummyApp.testNoProblem();21476@kitt;0;77500;1
383;org.spotter.demo.app.DummyApp.testOLB();21476@kitt;100;77654;1
384;org.spotter.demo.app.DummyApp.testNoProblem();21476@kitt;0;77937;1
385;org.spotter.demo.app.DummyApp.testOLB();21476@kitt;100;78052;1
386;org.spotter.demo.app.DummyApp.testNoProblem();21476@kitt;0;78285;1
387;org.spotter.demo.app.DummyApp.testOLB();21476@kitt;100;78417;1
388;org.spotter.demo.app.DummyApp.testNoProblem();21476@kitt;0;78626;1
389;org.spotter.demo.app.DummyApp.testOLB();21476@kitt;100;78794;1
390;org.spotter.demo.app.DummyApp.testNoProblem();21476@kitt;0;79015;1
391;org.spotter.demo.app.DummyApp.testOLB();21476@kitt;100;79177;1
392;org.spotter.demo.app.DummyApp.testNoProblem();21476@kitt;0;79420;1
393;org.spotter.demo.app.DummyApp.testOLB();21476@kitt;100;79583;1
394;org.spotter.demo.app.DummyApp.testNoProblem();21476@kitt;0;79875;1
395;org.spotter.demo.app.DummyApp.testOLB();21476@kitt;101;79989;1
396;org.spotter.demo.app.DummyApp.testNoProblem();21476@kitt;0;80205;1
397;org.spotter.demo.app.DummyApp.testOLB();21476@kitt;100;80308;1
398;org.spotter.demo.app.DummyApp.testNoProblem();21476@kitt;0;80526;1
399;org.spotter.demo.app.DummyApp.testOLB();21476@kitt;100;80712;1
400;org.spotter.demo.app.DummyApp.testNoProblem();21476@kitt;0;80929;1
401;org.spotter.demo.app.DummyApp.testOLB();21476@kitt;100;81069;1
402;org.spotter.demo.app.DummyApp.testNoProblem();21476@kitt;0;81280;1
403;org.spotter.demo.app.DummyApp.testOLB();21476@kitt;100;81407;1
404;org.spotter.demo.app.DummyApp.testNoProblem();21476@kitt;0;81654;1
405;org.spotter.demo.app.DummyApp.testOLB();21476@kitt;101;81815;1
406;org.spotter.demo.app.DummyApp.testNoProblem();21476@kitt;0;82037;1
407;org.spotter.demo.app.DummyApp.testOLB();21476@kitt;100;82193;1
408;org.spotter.demo.app.DummyApp.testNoProblem();21476@kitt;0;82456;1
409;org.spotter.demo.app.DummyApp.testOLB();21476@kitt;100;82560;1
410;org.spotter.demo.app.DummyApp.testNoProblem();21476@kitt;0;82771;1
411;org.spotter.demo.app.DummyApp.testOLB();21476@kitt;100;82948;1
412;org.spotter.demo.app.DummyApp.testNoProblem();21476@kitt;0;83243;1
413;org.spotter.demo.app.DummyApp.testOLB();21476@kitt;100;83360;1
414;org.spotter.demo.app.DummyApp.testNoProblem();21476@kitt;0;83582;1
415;org.spotter.demo.app.DummyApp.testOLB();21476@kitt;101;83713;1
416;org.spotter.demo.app.DummyApp.testNoProblem();21476@kitt;0;83967;1
417;org.spotter.demo.app.DummyApp.testOLB();21476@kitt;100;84115;1
418;org.spotter.demo.app.DummyApp.testNoProblem();21476@kitt;0;84414;1
419;org.spotter.demo.app.DummyApp.testOLB();21476@kitt;100;84565;1
420;org.spotter.demo.app.DummyApp.testNoProblem();21476@kitt;0;84808;1
421;org.spotter.demo.app.DummyApp.testOLB();21476@kitt;100;84981;1
422;org.spotter.demo.app.DummyApp.testNoProblem();21476@kitt;0;85207;1
423;org.spotter.demo.app.DummyApp.testOLB();21476@kitt;100;85314;1
424;org.spotter.demo.app.DummyApp.testNoProblem();21476@kitt;0;85518;1
425;org.spotter.demo.app.DummyApp.testOLB();21476@kitt;100;85642;1
426;org.spotter.demo.app.DummyApp.testNoProblem();21476@kitt;0;85927;1
427;org.spotter.demo.app.DummyApp.testOLB();21476@kitt;100;86070;1
428;org.spotter.demo.app.DummyApp.testNoProblem();21476@kitt;0;86307;1
429;org.spotter.demo.app.DummyApp.testOLB();21476@kitt;100;86477;1
430;org.spotter.demo.app.DummyApp.testNoProblem();21476@kitt;0;86715;1
431;org.spotter.demo.app.DummyApp.testOLB();21476@kitt;101;86839;1
432;org.spotter.demo.app.DummyApp.testNoProblem();21476@kitt;0;87097;1
433;org.spotter.demo.app.DummyApp.testOLB();21476@kitt;100;87274;1
434;org.spotter.demo.app.DummyApp.testNoProblem();21476@kitt;0;87555;1
435;org.spotter.demo.app.DummyApp.testOLB();21476@kitt;100;87736;1
436;org.spotter.demo.app.DummyApp.testNoProblem();21476@kitt;0;88013;1
437;org.spotter.demo.app.DummyApp.testOLB();21476@kitt;100;88158;1
438;org.spotter.demo.app.DummyApp.testNoProblem();21476@kitt;0;88371;1
439;org.spotter.demo.app.DummyApp.testOLB();21476@kitt;100;88521;1
440;org.spotter.demo.app.DummyApp.testNoProblem();21476@kitt;0;88817;1
441;org.spotter.demo.app.DummyApp.testOLB();21476@kitt;100;88939;1
442;org.spotter.demo.app.DummyApp.testNoProblem();21476@kitt;0;89150;1
443;org.spotter.demo.app.DummyApp.testOLB();21476@kitt;100;89283;1
444;org.spotter.demo.app.DummyApp.testNoProblem();21476@kitt;0;89546;1
445;org.spotter.demo.app.DummyApp.testOLB();21476@kitt;100;89670;1
446;org.spotter.demo.app.DummyApp.testNoProblem();21476@kitt;0;89936;1
447;org.spotter.demo.app.DummyApp.testOLB();21476@kitt;101;90053;1
448;org.spotter.demo.app.DummyApp.testNoProblem();21476@kitt;0;90270;1
449;org.spotter.demo.app.DummyApp.testOLB();21476@kitt;100;90376;1
450;org.spotter.demo.app.DummyApp.testNoProblem();21476@kitt;0;90602;1
451;org.spotter.demo.app.DummyApp.testOLB();21476@kitt;100;90773;1
452;org.spotter.demo.app.DummyApp.testNoProblem();21476@kitt;0;91010;1
453;org.spotter.demo.app.DummyApp.testOLB();21476@kitt;100;91115;1
454;org.spotter.demo.app.DummyApp.testNoProblem();21476@kitt;0;91370;1
455;org.spotter.demo.app.DummyApp.testOLB();21476@kitt;101;91492;1
456;org.spotter.demo.app.DummyApp.testNoProblem();21476@kitt;0;91702;1
457;org.spotter.demo.app.DummyApp.testOLB();21476@kitt;100;91861;1
458;org.spotter.demo.app.DummyApp.testNoProblem();21476@kitt;0;92119;1
459;org.spotter.demo.app.DummyApp.testOLB();21476@kitt;100;92256;1
460;org.spotter.demo.app.DummyApp.testNoProblem();21476@kitt;0;92471;1
461;org.spotter.demo.app.DummyApp.testOLB();21476@kitt;100;92652;1
462;org.spotter.demo.app.DummyApp.testNoProblem();21476@kitt;0;92881;1
463;org.spotter.demo.app.DummyApp.testOLB();21476@kitt;101;93038;1
464;org.spotter.demo.app.DummyApp.testNoProblem();21476@kitt;0;93307;1
465;org.spotter.demo.app.DummyApp.testOLB();21476@kitt;100;93440;1
466;org.spotter.demo.app.DummyApp.testNoProblem();21476@kitt;0;93664;1
467;org.spotter.demo.app.DummyApp.testOLB();21476@kitt;100;93808;1
468;org.spotter.demo.app.DummyApp.testNoProblem();21476@kitt;0;94058;1
469;org.spotter.demo.app.DummyApp.testOLB();21476@kitt;101;94160;1
470;org.spotter.demo.app.DummyApp.testNoProblem();21476@kitt;0;94364;1
471;org.spotter.demo.app.DummyApp.testOLB();21476@kitt;100;94513;1
472;org.spotter.demo.app.DummyApp.testNoProblem();21476@kitt;0;94744;1
473;org.spotter.demo.app.DummyApp.testOLB();21476@kitt;101;94946;1
474;org.spotter.demo.app.DummyApp.testNoProblem();21476@kitt;0;95241;1
475;org.spotter.demo.app.DummyApp.testOLB();21476@kitt;100;95427;1
476;org.spotter.demo.app.DummyApp.testNoProblem();21476@kitt;0;95636;1
477;org.spotter.demo.app.DummyApp.testOLB();21476@kitt;100;95827;1
478;org.spotter.demo.app.DummyApp.testNoProblem();21476@kitt;0;96095;1
479;org.spotter.demo.app.DummyApp.testOLB();21476@kitt;101;96295;1
480;org.spotter.demo.app.DummyApp.testNoProblem();21476@kitt;0;96547;1
481;org.spotter.demo.app.DummyApp.testOLB();21476@kitt;100;96654;1
482;org.spotter.demo.app.DummyApp.testNoProblem();21476@kitt;0;96918;1
483;org.spotter.demo.app.DummyApp.testOLB();21476@kitt;100;97023;1
484;org.spotter.demo.app.DummyApp.testNoProblem();21476@kitt;0;97226;1
485;org.spotter.demo.app.DummyApp.testOLB();21476@kitt;100;97357;1
486;org.spotter.demo.app.DummyApp.testNoProblem();21476@kitt;0;97597;1
487;org.spotter.demo.app.DummyApp.testOLB();21476@kitt;100;97722;1
488;org.spotter.demo.app.DummyApp.testNoProblem();21476@kitt;0;98000;1
489;org.spotter.demo.app.DummyApp.testOLB();21476@kitt;100;98142;1
490;org.spotter.demo.app.DummyApp.testNoProblem();21476@kitt;0;98437;1
491;org.spotter.demo.app.DummyApp.testOLB();21476@kitt;100;98607;1
492;org.spotter.demo.app.DummyApp.testNoProblem();21476@kitt;0;98889;1
493;org.spotter.demo.app.DummyApp.testOLB();21476@kitt;100;99071;1
494;org.spotter.demo.app.DummyApp.testNoProblem();21476@kitt;0;99343;1
495;org.spotter.demo.app.DummyApp.testOLB();21476@kitt;100;99501;1
496;org.spotter.demo.app.DummyApp.testNoProblem();21476@kitt;0;99773;1
497;org.spotter.demo.app.DummyApp.testOLB();21476@kitt;100;99952;1
498;org.spotter.demo.app.DummyApp.testNoProblem();21476@kitt;0;100173;1
499;org.spotter.demo.app.DummyApp.testOLB();21476@kitt;100;100369;1
500;org.spotter.demo.app.DummyApp.testNoProblem();21476@kitt;0;100575;1
501;org.spotter.demo.app.DummyApp.testOLB();21476@kitt;100;100704;1
502;org.spotter.demo.app.DummyApp.testNoProblem();21476@kitt;0;100970;1
503;org.spotter.demo.app.DummyApp.testOLB();21476@kitt;100;101162;1
504;org.spotter.demo.app.DummyApp.testNoProblem();21476@kitt;0;101464;1
505;org.spotter.demo.app.DummyApp.testOLB();21476@kitt;100;101569;1
506;org.spotter.demo.app.DummyApp.testNoProblem();21476@kitt;0;101868;1
507;org.spotter.demo.app.DummyApp.testOLB();21476@kitt;100;102040;1
508;org.spotter.demo.app.DummyApp.testNoProblem();21476@kitt;0;102263;1
509;org.spotter.demo.app.DummyApp.testOLB();21476@kitt;100;102406;1
510;org.spotter.demo.app.DummyApp.testNoProblem();21476@kitt;0;102666;1
511;org.spotter.demo.app.DummyApp.testOLB();21476@kitt;100;102813;1
512;org.spotter.demo.app.DummyApp.testNoProblem();21476@kitt;0;103071;1
513;org.spotter.demo.app.DummyApp.testOLB();21476@kitt;100;103258;1
514;org.spotter.demo.app.DummyApp.testNoProblem();21476@kitt;0;103502;1
515;org.spotter.demo.app.DummyApp.testOLB();21476@kitt;101;103678;1
516;org.spotter.demo.app.DummyApp.testNoProblem();21476@kitt;0;103968;1
517;org.spotter.demo.app.DummyApp.testOLB();21476@kitt;100;104163;1
518;org.spotter.demo.app.DummyApp.testNoProblem();21476@kitt;0;104449;1
519;org.spotter.demo.app.DummyApp.testOLB();21476@kitt;100;104553;1
520;org.spotter.demo.app.DummyApp.testNoProblem();21476@kitt;0;104755;1
521;org.spotter.demo.app.DummyApp.testOLB();21476@kitt;100;104916;1
522;org.spotter.demo.app.DummyApp.testNoProblem();21476@kitt;0;105152;1
523;org.spotter.demo.app.DummyApp.testOLB();21476@kitt;100;105330;1
524;org.spotter.demo.app.DummyApp.testNoProblem();21476@kitt;0;105585;1
525;org.spotter.demo.app.DummyApp.testOLB();21476@kitt;100;105691;1
526;org.spotter.demo.app.DummyApp.testNoProblem();21476@kitt;0;105914;1
527;org.spotter.demo.app.DummyApp.testOLB();21476@kitt;100;106033;1
528;org.spotter.demo.app.DummyApp.testNoProblem();21476@kitt;0;106304;1
529;org.spotter.demo.app.DummyApp.testOLB();21476@kitt;100;106439;1
530;org.spotter.demo.app.DummyApp.testNoProblem();21476@kitt;0;106678;1
531;org.spotter.demo.app.DummyApp.testOLB();21476@kitt;100;106829;1
532;org.spotter.demo.app.DummyApp.testNoProblem();21476@kitt;0;107058;1
533;org.spotter.demo.app.DummyApp.testOLB();21476@kitt;100;107189;1
534;org.spotter.demo.app.DummyApp.testNoProblem();21476@kitt;0;107404;1
535;org.spotter.demo.app.DummyApp.testOLB();21476@kitt;100;107569;1
536;org.spotter.demo.app.DummyApp.testNoProblem();21476@kitt;0;107837;1
537;org.spotter.demo.app.DummyApp.testOLB();21476@kitt;100;108011;1
538;org.spotter.demo.app.DummyApp.testNoProblem();21476@kitt;0;108297;1
539;org.spotter.demo.app.DummyApp.testOLB();21476@kitt;101;108446;1
540;org.spotter.demo.app.DummyApp.testNoProblem();21476@kitt;0;108656;1
541;org.spotter.demo.app.DummyApp.testOLB();21476@kitt;100;108792;1
542;org.spotter.demo.app.DummyApp.testNoProblem();21476@kitt;0;109024;1
543;org.spotter.demo.app.DummyApp.testOLB();21476@kitt;100;109190;1
544;org.spotter.demo.app.DummyApp.testNoProblem();21476@kitt;0;109455;1
545;org.spotter.demo.app.DummyApp.testOLB();21476@kitt;100;109562;1
546;org.spotter.demo.app.DummyApp.testNoProblem();21476@kitt;0;109809;1
547;org.spotter.demo.app.DummyApp.testOLB();21476@kitt;100;109977;1
548;org.spotter.demo.app.DummyApp.testNoProblem();21476@kitt;0;110277;1
549;org.spotter.demo.app.DummyApp.testOLB();21476@kitt;100;110409;1
550;org.spotter.demo.app.DummyApp.testNoProblem();21476@kitt;0;110681;1
551;org.spotter.demo.app.DummyApp.testOLB();21476@kitt;100;110860;1
552;org.spotter.demo.app.DummyApp.testNoProblem();21476@kitt;0;111157;1
553;org.spotter.demo.app.DummyApp.testOLB();21476@kitt;100;111290;1
554;org.spotter.demo.app.DummyApp.testNoProblem();21476@kitt;0;111531;1
555;org.spotter.demo.app.DummyApp.testOLB();21476@kitt;101;111683;1
556;org.spotter.demo.app.DummyApp.testNoProblem();21476@kitt;0;111977;1
557;org.spotter.demo.app.DummyApp.testOLB();21476@kitt;100;112098;1
558;org.spotter.demo.app.DummyApp.testNoProblem();21476@kitt;0;112309;1
559;org.spotter.demo.app.DummyApp.testOLB();21476@kitt;100;112483;1
560;org.spotter.demo.app.DummyApp.testNoProblem();21476@kitt;0;112754;1
561;org.spotter.demo.app.DummyApp.testOLB();21476@kitt;100;112881;1
562;org.spotter.demo.app.DummyApp.testNoProblem();21476@kitt;0;113163;1
563;org.spotter.demo.app.DummyApp.testOLB();21476@kitt;100;113277;1
564;org.spotter.demo.app.DummyApp.testNoProblem();21476@kitt;0;113527;1
565;org.spotter.demo.app.DummyApp.testOLB();21476@kitt;100;113632;1
566;org.spotter.demo.app.DummyApp.testNoProblem();21476@kitt;0;113878;1
567;org.spotter.demo.app.DummyApp.testOLB();21476@kitt;100;114001;1
568;org.spotter.demo.app.DummyApp.testNoProblem();21476@kitt;0;114229;1
569;org.spotter.demo.app.DummyApp.testOLB();21476@kitt;101;114354;1
570;org.spotter.demo.app.DummyApp.testNoProblem();21476@kitt;0;114629;1
571;org.spotter.demo.app.DummyApp.testOLB();21476@kitt;100;114830;1
572;org.spotter.demo.app.DummyApp.testNoProblem();21476@kitt;0;115096;1
573;org.spotter.demo.app.DummyApp.testOLB();21476@kitt;100;115290;1
574;org.spotter.demo.app.DummyApp.testNoProblem();21476@kitt;0;115548;1
575;org.spotter.demo.app.DummyApp.testOLB();21476@kitt;100;115707;1
576;org.spotter.demo.app.DummyApp.testNoProblem();21476@kitt;0;115975;1
577;org.spotter.demo.app.DummyApp.testOLB();21476@kitt;100;116093;1
578;org.spotter.demo.app.DummyApp.testNoProblem();21476@kitt;0;116329;1
579;org.spotter.demo.app.DummyApp.testOLB();21476@kitt;100;116516;1
580;org.spotter.demo.app.DummyApp.testNoProblem();21476@kitt;0;116796;1
581;org.spotter.demo.app.DummyApp.testOLB();21476@kitt;100;116927;1
582;org.spotter.demo.app.DummyApp.testNoProblem();21476@kitt;0;117132;1
583;org.spotter.demo.app.DummyApp.testOLB();21476@kitt;100;117235;1
584;org.spotter.demo.app.DummyApp.testNoProblem();21476@kitt;0;117508;1
585;org.spotter.demo.app.DummyApp.testOLB();21476@kitt;100;117653;1
586;org.spotter.demo.app.DummyApp.testNoProblem();21476@kitt;0;117880;1
587;org.spotter.demo.app.DummyApp.testOLB();21476@kitt;101;118001;1
588;org.spotter.demo.app.DummyApp.testNoProblem();21476@kitt;0;118220;1
589;org.spotter.demo.app.DummyApp.testOLB();21476@kitt;100;118335;1
590;org.spotter.demo.app.DummyApp.testNoProblem();21476@kitt;0;118607;1
591;org.spotter.demo.app.DummyApp.testOLB();21476@kitt;100;118793;1
592;org.spotter.demo.app.DummyApp.testNoProblem();21476@kitt;0;119043;1
593;org.spotter.demo.app.DummyApp.testOLB();21476@kitt;100;119165;1
594;org.spotter.demo.app.DummyApp.testNoProblem();21476@kitt;0;119383;1
595;org.spotter.demo.app.DummyApp.testOLB();21476@kitt;100;119552;1
596;org.spotter.demo.app.DummyApp.testNoProblem();21476@kitt;0;119828;1
597;org.spotter.demo.app.DummyApp.testOLB();21476@kitt;100;119943;1
598;org.spotter.demo.app.DummyApp.testNoProblem();21476@kitt;0;120174;1
599;org.spotter.demo.app.DummyApp.testOLB();21476@kitt;100;120294;1
600;org.spotter.demo.app.DummyApp.testNoProblem();21476@kitt;0;120594;1
601;org.spotter.demo.app.DummyApp.testOLB();21476@kitt;100;120701;1
602;org.spotter.demo.app.DummyApp.testNoProblem();21476@kitt;0;120946;1
603;org.spotter.demo.app.DummyApp.testOLB();21476@kitt;101;121110;1
604;org.spotter.demo.app.DummyApp.testNoProblem();21476@kitt;0;121369;1
605;org.spotter.demo.app.DummyApp.testOLB();21476@kitt;101;121481;1
606;org.spotter.demo.app.DummyApp.testNoProblem();21476@kitt;0;121721;1
607;org.spotter.demo.app.DummyApp.testOLB();21476@kitt;100;121880;1
608;org.spotter.demo.app.DummyApp.testNoProblem();21476@kitt;0;122155;1
609;org.spotter.demo.app.DummyApp.testOLB();21476@kitt;100;122260;1
610;org.spotter.demo.app.DummyApp.testNoProblem();21476@kitt;0;122498;1
611;org.spotter.demo.app.DummyApp.testOLB();21476@kitt;100;122681;1
612;org.spotter.demo.app.DummyApp.testNoProblem();21476@kitt;0;122937;1
613;org.spotter.demo.app.DummyApp.testOLB();21476@kitt;101;123041;1
614;org.spotter.demo.app.DummyApp.testNoProblem();21476@kitt;0;123296;1
615;org.spotter.demo.app.DummyApp.testOLB();21476@kitt;101;123441;1
616;org.spotter.demo.app.DummyApp.testNoProblem();21476@kitt;0;123712;1
617;org.spotter.demo.app.DummyApp.testOLB();21476@kitt;100;123837;1
618;org.spotter.demo.app.DummyApp.testNoProblem();21476@kitt;0;124046;1
619;org.spotter.demo.app.DummyApp.testOLB();21476@kitt;101;124173;1
620;org.spotter.demo.app.DummyApp.testNoProblem();21476@kitt;0;124461;1
621;org.spotter.demo.app.DummyApp.testOLB();21476@kitt;100;124653;1
622;org.spotter.demo.app.DummyApp.testNoProblem();21476@kitt;0;124939;1
623;org.spotter.demo.app.DummyApp.testOLB();21476@kitt;100;125099;1
624;org.spotter.demo.app.DummyApp.testNoProblem();21476@kitt;0;125341;1
625;org.spotter.demo.app.DummyApp.testOLB();21476@kitt;100;125530;1
626;org.spotter.demo.app.DummyApp.testNoProblem();21476@kitt;0;125806;1
627;org.spotter.demo.app.DummyApp.testOLB();21476@kitt;101;125944;1
628;org.spotter.demo.app.DummyApp.testNoProblem();21476@kitt;0;126235;1
629;org.spotter.demo.app.DummyApp.testOLB();21476@kitt;101;126390;1
630;org.spotter.demo.app.DummyApp.testNoProblem();21476@kitt;0;126605;1
631;org.spotter.demo.app.DummyApp.testOLB();21476@kitt;100;126768;1
632;org.spotter.demo.app.DummyApp.testNoProblem();21476@kitt;0;126987;1
633;org.spotter.demo.app.DummyApp.testOLB();21476@kitt;101;127161;1
634;org.spotter.demo.app.DummyApp.testNoProblem();21476@kitt;0;127380;1
635;org.spotter.demo.app.DummyApp.testOLB();21476@kitt;100;127542;1
636;org.spotter.demo.app.DummyApp.testNoProblem();21476@kitt;0;127792;1
637;org.spotter.demo.app.DummyApp.testOLB();21476@kitt;100;127965;1
638;org.spotter.demo.app.DummyApp.testNoProblem();21476@kitt;0;128212;1
639;org.spotter.demo.app.DummyApp.testOLB();21476@kitt;101;128342;1
640;org.spotter.demo.app.DummyApp.testNoProblem();21476@kitt;0;128553;1
641;org.spotter.demo.app.DummyApp.testOLB();21476@kitt;100;128695;1
642;org.spotter.demo.app.DummyApp.testNoProblem();21476@kitt;0;128995;1
643;org.spotter.demo.app.DummyApp.testOLB();21476@kitt;101;129106;1
644;org.spotter.demo.app.DummyApp.testNoProblem();21476@kitt;0;129386;1
645;org.spotter.demo.app.DummyApp.testOLB();21476@kitt;100;129566;1
646;org.spotter.demo.app.DummyApp.testNoProblem();21476@kitt;0;129838;1
647;org.spotter.demo.app.DummyApp.testOLB();21476@kitt;100;129951;1
648;org.spotter.demo.app.DummyApp.testNoProblem();21476@kitt;0;130194;1
649;org.spotter.demo.app.DummyApp.testOLB();21476@kitt;100;130316;1
650;org.spotter.demo.app.DummyApp.testNoProblem();21476@kitt;0;130539;1
651;org.spotter.demo.app.DummyApp.testOLB();21476@kitt;100;130710;1
652;org.spotter.demo.app.DummyApp.testNoProblem();21476@kitt;0;130989;1
653;org.spotter.demo.app.DummyApp.testOLB();21476@kitt;100;131113;1
654;org.spotter.demo.app.DummyApp.testNoProblem();21476@kitt;0;131414;1
655;org.spotter.demo.app.DummyApp.testOLB();21476@kitt;100;131585;1
656;org.spotter.demo.app.DummyApp.testNoProblem();21476@kitt;0;131886;1
657;org.spotter.demo.app.DummyApp.testOLB();21476@kitt;100;132024;1
658;org.spotter.demo.app.DummyApp.testNoProblem();21476@kitt;0;132239;1
659;org.spotter.demo.app.DummyApp.testOLB();21476@kitt;101;132383;1
660;org.spotter.demo.app.DummyApp.testNoProblem();21476@kitt;0;132683;1
661;org.spotter.demo.app.DummyApp.testOLB();21476@kitt;101;132860;1
662;org.spotter.demo.app.DummyApp.testNoProblem();21476@kitt;0;133067;1
663;org.spotter.demo.app.DummyApp.testOLB();21476@kitt;100;133250;1
664;org.spotter.demo.app.DummyApp.testNoProblem();21476@kitt;0;133454;1
665;org.spotter.demo.app.DummyApp.testOLB();21476@kitt;101;133607;1
666;org.spotter.demo.app.DummyApp.testNoProblem();21476@kitt;0;133887;1
667;org.spotter.demo.app.DummyApp.testOLB();21476@kitt;100;134042;1
668;org.spotter.demo.app.DummyApp.testNoProblem();21476@kitt;0;134308;1
669;org.spotter.demo.app.DummyApp.testOLB();21476@kitt;100;134438;1
670;org.spotter.demo.app.DummyApp.testNoProblem();21476@kitt;0;134675;1
671;org.spotter.demo.app.DummyApp.testOLB();21476@kitt;100;134781;1
672;org.spotter.demo.app.DummyApp.testNoProblem();21476@kitt;0;135047;1
673;org.spotter.demo.app.DummyApp.testOLB();21476@kitt;101;135158;1
674;org.spotter.demo.app.DummyApp.testNoProblem();21476@kitt;0;135452;1
675;org.spotter.demo.app.DummyApp.testOLB();21476@kitt;100;135648;1
676;org.spotter.demo.app.DummyApp.testNoProblem();21476@kitt;0;135873;1
677;org.spotter.demo.app.DummyApp.testOLB();21476@kitt;101;136053;1
678;org.spotter.demo.app.DummyApp.testNoProblem();21476@kitt;0;136313;1
679;org.spotter.demo.app.DummyApp.testOLB();21476@kitt;100;136511;1
680;org.spotter.demo.app.DummyApp.testNoProblem();21476@kitt;0;136717;1
681;org.spotter.demo.app.DummyApp.testOLB();21476@kitt;100;136839;1
682;org.spotter.demo.app.DummyApp.testNoProblem();21476@kitt;0;137089;1
683;org.spotter.demo.app.DummyApp.testOLB();21476@kitt;100;137217;1
684;org.spotter.demo.app.DummyApp.testNoProblem();21476@kitt;0;137425;1
685;org.spotter.demo.app.DummyApp.testOLB();21476@kitt;100;137595;1
686;org.spotter.demo.app.DummyApp.testNoProblem();21476@kitt;0;137803;1
687;org.spotter.demo.app.DummyApp.testOLB();21476@kitt;100;137994;1
688;org.spotter.demo.app.DummyApp.testNoProblem();21476@kitt;0;138203;1
689;org.spotter.demo.app.DummyApp.testOLB();21476@kitt;100;138348;1
690;org.spotter.demo.app.DummyApp.testNoProblem();21476@kitt;0;138607;1
691;org.spotter.demo.app.DummyApp.testOLB();21476@kitt;100;138786;1
692;org.spotter.demo.app.DummyApp.testNoProblem();21476@kitt;0;139011;1
693;org.spotter.demo.app.DummyApp.testOLB();21476@kitt;100;139138;1
694;org.spotter.demo.app.DummyApp.testNoProblem();21476@kitt;0;139423;1
695;org.spotter.demo.app.DummyApp.testOLB();21476@kitt;100;139565;1
696;org.spotter.demo.app.DummyApp.testNoProblem();21476@kitt;0;139775;1
697;org.spotter.demo.app.DummyApp.testOLB();21476@kitt;100;139916;1
698;org.spotter.demo.app.DummyApp.testNoProblem();21476@kitt;0;140173;1
699;org.spotter.demo.app.DummyApp.testOLB();21476@kitt;100;140369;1
700;org.spotter.demo.app.DummyApp.testNoProblem();21476@kitt;0;140586;1
701;org.spotter.demo.app.DummyApp.testOLB();21476@kitt;100;140761;1
702;org.spotter.demo.app.DummyApp.testNoProblem();21476@kitt;0;140995;1
703;org.spotter.demo.app.DummyApp.testOLB();21476@kitt;100;141187;1
704;org.spotter.demo.app.DummyApp.testNoProblem();21476@kitt;0;141428;1
705;org.spotter.demo.app.DummyApp.testOLB();21476@kitt;100;141624;1
706;org.spotter.demo.app.DummyApp.testNoProblem();21476@kitt;0;141905;1
707;org.spotter.demo.app.DummyApp.testOLB();21476@kitt;100;142058;1
708;org.spotter.demo.app.DummyApp.testNoProblem();21476@kitt;0;142293;1
709;org.spotter.demo.app.DummyApp.testOLB();21476@kitt;101;142420;1
710;org.spotter.demo.app.DummyApp.testNoProblem();21476@kitt;0;142686;1
711;org.spotter.demo.app.DummyApp.testOLB();21476@kitt;101;142842;1
712;org.spotter.demo.app.DummyApp.testNoProblem();21476@kitt;0;143084;1
713;org.spotter.demo.app.DummyApp.testOLB();21476@kitt;100;143273;1
714;org.spotter.demo.app.DummyApp.testNoProblem();21476@kitt;0;143538;1
715;org.spotter.demo.app.DummyApp.testOLB();21476@kitt;100;143725;1
716;org.spotter.demo.app.DummyApp.testNoProblem();21476@kitt;0;143987;1
717;org.spotter.demo.app.DummyApp.testOLB();21476@kitt;100;144103;1
718;org.spotter.demo.app.DummyApp.testNoProblem();21476@kitt;0;144355;1
719;org.spotter.demo.app.DummyApp.testOLB();21476@kitt;100;144459;1
720;org.spotter.demo.app.DummyApp.testNoProblem();21476@kitt;0;144725;1
721;org.spotter.demo.app.DummyApp.testOLB();21476@kitt;100;144926;1
722;org.spotter.demo.app.DummyApp.testNoProblem();21476@kitt;0;145151;1
723;org.spotter.demo.app.DummyApp.testOLB();21476@kitt;100;145267;1
724;org.spotter.demo.app.DummyApp.testNoProblem();21476@kitt;0;145558;1
725;org.spotter.demo.app.DummyApp.testOLB();21476@kitt;101;145718;1
726;org.spotter.demo.app.DummyApp.testNoProblem();21476@kitt;0;145999;1
727;org.spotter.demo.app.DummyApp.testOLB();21476@kitt;100;146140;1
728;org.spotter.demo.app.DummyApp.testNoProblem();21476@kitt;0;146405;1
729;org.spotter.demo.app.DummyApp.testOLB();21476@kitt;100;146551;1
730;org.spotter.demo.app.DummyApp.testNoProblem();21476@kitt;0;146852;1
731;org.spotter.demo.app.DummyApp.testOLB();21476@kitt;100;146958;1
732;org.spotter.demo.app.DummyApp.testNoProblem();21476@kitt;0;147226;1
733;org.spotter.demo.app.DummyApp.testOLB();21476@kitt;100;147416;1
734;org.spotter.demo.app.DummyApp.testNoProblem();21476@kitt;0;147646;1
735;org.spotter.demo.app.DummyApp.testOLB();21476@kitt;100;147767;1
736;org.spotter.demo.app.DummyApp.testNoProblem();21476@kitt;0;147983;1
737;org.spotter.demo.app.DummyApp.testOLB();21476@kitt;101;148110;1
738;org.spotter.demo.app.DummyApp.testNoProblem();21476@kitt;0;148364;1
739;org.spotter.demo.app.DummyApp.testOLB();21476@kitt;101;148474;1
740;org.spotter.demo.app.DummyApp.testNoProblem();21476@kitt;0;148764;1
741;org.spotter.demo.app.DummyApp.testOLB();21476@kitt;100;148900;1
742;org.spotter.demo.app.DummyApp.testNoProblem();21476@kitt;0;149165;1
743;org.spotter.demo.app.DummyApp.testOLB();21476@kitt;100;149306;1
744;org.spotter.demo.app.DummyApp.testNoProblem();21476@kitt;0;149553;1
745;org.spotter.demo.app.DummyApp.testOLB();21476@kitt;100;149655;1
746;org.spotter.demo.app.DummyApp.testNoProblem();21476@kitt;0;149952;1
747;org.spotter.demo.app.DummyApp.testOLB();21476@kitt;100;150088;1
748;org.spotter.demo.app.DummyApp.testNoProblem();21476@kitt;0;150390;1
749;org.spotter.demo.app.DummyApp.testOLB();21476@kitt;100;150502;1
750;org.spotter.demo.app.DummyApp.testNoProblem();21476@kitt;0;150751;1
751;org.spotter.demo.app.DummyApp.testOLB();21476@kitt;100;150917;1
752;org.spotter.demo.app.DummyApp.testNoProblem();21476@kitt;0;151134;1
753;org.spotter.demo.app.DummyApp.testOLB();21476@kitt;101;151319;1
754;org.spotter.demo.app.DummyApp.testNoProblem();21476@kitt;0;151562;1
755;org.spotter.demo.app.DummyApp.testOLB();21476@kitt;100;151707;1
756;org.spotter.demo.app.DummyApp.testNoProblem();21476@kitt;0;151954;1
757;org.spotter.demo.app.DummyApp.testOLB();21476@kitt;100;152148;1
758;org.spotter.demo.app.DummyApp.testNoProblem();21476@kitt;0;152434;1
759;org.spotter.demo.app.DummyApp.testOLB();21476@kitt;100;152538;1
760;org.spotter.demo.app.DummyApp.testNoProblem();21476@kitt;0;152766;1
761;org.spotter.demo.app.DummyApp.testOLB();21476@kitt;100;152918;1
762;org.spotter.demo.app.DummyApp.testNoProblem();21476@kitt;0;153198;1
763;org.spotter.demo.app.DummyApp.testOLB();21476@kitt;100;153399;1
764;org.spotter.demo.app.DummyApp.testNoProblem();21476@kitt;0;153614;1
765;org.spotter.demo.app.DummyApp.testOLB();21476@kitt;100;153767;1
766;org.spotter.demo.app.DummyApp.testNoProblem();21476@kitt;0;153992;1
767;org.spotter.demo.app.DummyApp.testOLB();21476@kitt;100;154145;1
768;org.spotter.demo.app.DummyApp.testNoProblem();21476@kitt;0;154388;1
769;org.spotter.demo.app.DummyApp.testOLB();21476@kitt;100;154552;1
770;org.spotter.demo.app.DummyApp.testNoProblem();21476@kitt;0;154800;1
771;org.spotter.demo.app.DummyApp.testOLB();21476@kitt;100;154972;1
772;org.spotter.demo.app.DummyApp.testNoProblem();21476@kitt;0;155184;1
773;org.spotter.demo.app.DummyApp.testOLB();21476@kitt;101;155367;1
774;org.spotter.demo.app.DummyApp.testNoProblem();21476@kitt;0;155613;1
775;org.spotter.demo.app.DummyApp.testOLB();21476@kitt;101;155805;1
776;org.spotter.demo.app.DummyApp.testNoProblem();21476@kitt;0;156086;1
777;org.spotter.demo.app.DummyApp.testOLB();21476@kitt;100;156243;1
778;org.spotter.demo.app.DummyApp.testNoProblem();21476@kitt;0;156502;1
779;org.spotter.demo.app.DummyApp.testOLB();21476@kitt;100;156632;1
780;org.spotter.demo.app.DummyApp.testNoProblem();21476@kitt;0;156852;1
781;org.spotter.demo.app.DummyApp.testOLB();21476@kitt;100;157040;1
782;org.spotter.demo.app.DummyApp.testNoProblem();21476@kitt;0;157271;1
783;org.spotter.demo.app.DummyApp.testOLB();21476@kitt;100;157420;1
784;org.spotter.demo.app.DummyApp.testNoProblem();21476@kitt;0;157711;1
785;org.spotter.demo.app.DummyApp.testOLB();21476@kitt;100;157896;1
786;org.spotter.demo.app.DummyApp.testNoProblem();21476@kitt;0;158116;1
787;org.spotter.demo.app.DummyApp.testOLB();21476@kitt;101;158225;1
788;org.spotter.demo.app.DummyApp.testNoProblem();21476@kitt;0;158507;1
789;org.spotter.demo.app.DummyApp.testOLB();21476@kitt;100;158646;1
790;org.spotter.demo.app.DummyApp.testNoProblem();21476@kitt;0;158884;1
791;org.spotter.demo.app.DummyApp.testOLB();21476@kitt;100;159038;1
792;org.spotter.demo.app.DummyApp.testNoProblem();21476@kitt;0;159258;1
793;org.spotter.demo.app.DummyApp.testOLB();21476@kitt;101;159438;1
794;org.spotter.demo.app.DummyApp.testNoProblem();21476@kitt;0;159643;1
795;org.spotter.demo.app.DummyApp.testOLB();21476@kitt;100;159840;1
796;org.spotter.demo.app.DummyApp.testNoProblem();21476@kitt;0;160076;1
797;org.spotter.demo.app.DummyApp.testOLB();21476@kitt;100;160274;1
798;org.spotter.demo.app.DummyApp.testNoProblem();21476@kitt;0;160549;1
799;org.spotter.demo.app.DummyApp.testOLB();21476@kitt;100;160681;1
800;org.spotter.demo.app.DummyApp.testNoProblem();21476@kitt;0;160943;1
801;org.spotter.demo.app.DummyApp.testOLB();21476@kitt;101;161065;1
802;org.spotter.demo.app.DummyApp.testNoProblem();21476@kitt;0;161327;1
803;org.spotter.demo.app.DummyApp.testOLB();21476@kitt;100;161525;1
804;org.spotter.demo.app.DummyApp.testNoProblem();21476@kitt;0;161760;1
805;org.spotter.demo.app.DummyApp.testOLB();21476@kitt;100;161884;1
806;org.spotter.demo.app.DummyApp.testNoProblem();21476@kitt;0;162093;1
807;org.spotter.demo.app.DummyApp.testOLB();21476@kitt;100;162278;1
808;org.spotter.demo.app.DummyApp.testNoProblem();21476@kitt;0;162537;1
809;org.spotter.demo.app.DummyApp.testOLB();21476@kitt;100;162737;1
810;org.spotter.demo.app.DummyApp.testNoProblem();21476@kitt;0;163023;1
811;org.spotter.demo.app.DummyApp.testOLB();21476@kitt;101;163200;1
812;org.spotter.demo.app.DummyApp.testNoProblem();21476@kitt;0;163455;1
813;org.spotter.demo.app.DummyApp.testOLB();21476@kitt;100;163625;1
814;org.spotter.demo.app.DummyApp.testNoProblem();21476@kitt;0;163922;1
815;org.spotter.demo.app.DummyApp.testOLB();21476@kitt;101;164099;1
816;org.spotter.demo.app.DummyApp.testNoProblem();21476@kitt;0;164399;1
817;org.spotter.demo.app.DummyApp.testOLB();21476@kitt;100;164564;1
818;org.spotter.demo.app.DummyApp.testNoProblem();21476@kitt;0;164833;1
819;org.spotter.demo.app.DummyApp.testOLB();21476@kitt;101;165021;1
820;org.spotter.demo.app.DummyApp.testNoProblem();21476@kitt;0;165263;1
821;org.spotter.demo.app.DummyApp.testOLB();21476@kitt;100;165404;1
822;org.spotter.demo.app.DummyApp.testNoProblem();21476@kitt;0;165683;1
823;org.spotter.demo.app.DummyApp.testOLB();21476@kitt;100;165865;1
824;org.spotter.demo.app.DummyApp.testNoProblem();21476@kitt;0;166082;1
825;org.spotter.demo.app.DummyApp.testOLB();21476@kitt;100;166263;1
826;org.spotter.demo.app.DummyApp.testNoProblem();21476@kitt;0;166492;1
827;org.spotter.demo.app.DummyApp.testOLB();21476@kitt;100;166694;1
828;org.spotter.demo.app.DummyApp.testNoProblem();21476@kitt;0;166919;1
829;org.spotter.demo.app.DummyApp.testOLB();21476@kitt;100;167086;1
830;org.spotter.demo.app.DummyApp.testNoProblem();21476@kitt;0;167353;1
831;org.spotter.demo.app.DummyApp.testOLB();21476@kitt;100;167552;1
832;org.spotter.demo.app.DummyApp.testNoProblem();21476@kitt;0;167806;1
833;org.spotter.demo.app.DummyApp.testOLB();21476@kitt;100;167998;1
834;org.spotter.demo.app.DummyApp.testNoProblem();21476@kitt;0;168254;1
835;org.spotter.demo.app.DummyApp.testOLB();21476@kitt;100;168379;1
836;org.spotter.demo.app.DummyApp.testNoProblem();21476@kitt;0;168610;1
837;org.spotter.demo.app.DummyApp.testOLB();21476@kitt;100;168769;1
838;org.spotter.demo.app.DummyApp.testNoProblem();21476@kitt;0;168993;1
839;org.spotter.demo.app.DummyApp.testOLB();21476@kitt;100;169179;1
840;org.spotter.demo.app.DummyApp.testNoProblem();21476@kitt;0;169450;1
841;org.spotter.demo.app.DummyApp.testOLB();21476@kitt;100;169617;1
842;org.spotter.demo.app.DummyApp.testNoProblem();21476@kitt;0;169872;1
843;org.spotter.demo.app.DummyApp.testOLB();21476@kitt;100;170040;1
844;org.spotter.demo.app.DummyApp.testNoProblem();21476@kitt;0;170319;1
845;org.spotter.demo.app.DummyApp.testOLB();21476@kitt;101;170453;1
846;org.spotter.demo.app.DummyApp.testNoProblem();21476@kitt;0;170658;1
847;org.spotter.demo.app.DummyApp.testOLB();21476@kitt;100;170809;1
848;org.spotter.demo.app.DummyApp.testNoProblem();21476@kitt;0;171100;1
849;org.spotter.demo.app.DummyApp.testOLB();21476@kitt;100;171254;1
850;org.spotter.demo.app.DummyApp.testNoProblem();21476@kitt;0;171466;1
851;org.spotter.demo.app.DummyApp.testOLB();21476@kitt;100;171612;1
852;org.spotter.demo.app.DummyApp.testNoProblem();21476@kitt;0;171889;1
853;org.spotter.demo.app.DummyApp.testOLB();21476@kitt;100;172003;1
854;org.spotter.demo.app.DummyApp.testNoProblem();21476@kitt;0;172241;1
855;org.spotter.demo.app.DummyApp.testOLB();21476@kitt;100;172393;1
856;org.spotter.demo.app.DummyApp.testNoProblem();21476@kitt;0;172663;1
857;org.spotter.demo.app.DummyApp.testOLB();21476@kitt;100;172825;1
858;org.spotter.demo.app.DummyApp.testNoProblem();21476@kitt;0;173115;1
859;org.spotter.demo.app.DummyApp.testOLB();21476@kitt;100;173266;1
860;org.spotter.demo.app.DummyApp.testNoProblem();21476@kitt;0;173507;1
861;org.spotter.demo.app.DummyApp.testOLB();21476@kitt;100;173636;1
862;org.spotter.demo.app.DummyApp.testNoProblem();21476@kitt;0;173906;1
863;org.spotter.demo.app.DummyApp.testOLB();21476@kitt;101;174054;1
864;org.spotter.demo.app.DummyApp.testNoProblem();21476@kitt;0;174259;1
865;org.spotter.demo.app.DummyApp.testOLB();21476@kitt;100;174458;1
866;org.spotter.demo.app.DummyApp.testNoProblem();21476@kitt;0;174667;1
867;org.spotter.demo.app.DummyApp.testOLB();21476@kitt;101;174812;1
868;org.spotter.demo.app.DummyApp.testNoProblem();21476@kitt;0;175091;1
869;org.spotter.demo.app.DummyApp.testOLB();21476@kitt;100;175219;1
870;org.spotter.demo.app.DummyApp.testNoProblem();21476@kitt;0;175491;1
871;org.spotter.demo.app.DummyApp.testOLB();21476@kitt;100;175654;1
872;org.spotter.demo.app.DummyApp.testNoProblem();21476@kitt;0;175898;1
873;org.spotter.demo.app.DummyApp.testOLB();21476@kitt;100;176025;1
874;org.spotter.demo.app.DummyApp.testNoProblem();21476@kitt;0;176268;1
875;org.spotter.demo.app.DummyApp.testOLB();21476@kitt;100;176464;1
876;org.spotter.demo.app.DummyApp.testNoProblem();21476@kitt;0;176693;1
877;org.spotter.demo.app.DummyApp.testOLB();21476@kitt;100;176881;1
878;org.spotter.demo.app.DummyApp.testNoProblem();21476@kitt;0;177182;1
879;org.spotter.demo.app.DummyApp.testOLB();21476@kitt;100;177304;1
880;org.spotter.demo.app.DummyApp.testNoProblem();21476@kitt;0;177544;1
881;org.spotter.demo.app.DummyApp.testOLB();21476@kitt;100;177713;1
882;org.spotter.demo.app.DummyApp.testNoProblem();21476@kitt;0;177961;1
883;org.spotter.demo.app.DummyApp.testOLB();21476@kitt;101;178081;1
884;org.spotter.demo.app.DummyApp.testNoProblem();21476@kitt;0;178325;1
885;org.spotter.demo.app.DummyApp.testOLB();21476@kitt;100;178488;1
886;org.spotter.demo.app.DummyApp.testNoProblem();21476@kitt;0;178731;1
887;org.spotter.demo.app.DummyApp.testOLB();21476@kitt;100;178863;1
888;org.spotter.demo.app.DummyApp.testNoProblem();21476@kitt;0;179092;1
889;org.spotter.demo.app.DummyApp.testOLB();21476@kitt;100;179291;1
890;org.spotter.demo.app.DummyApp.testNoProblem();21476@kitt;0;179509;1
891;org.spotter.demo.app.DummyApp.testOLB();21476@kitt;100;179676;1
892;org.spotter.demo.app.DummyApp.testNoProblem();21476@kitt;0;179962;1
